あ	あ	2
ああ	ああ	1
あいにく	あいにく	3
あいまい	あいまい	4
あくどい	あくどい	5
あくび	あくび	4
あげる	あげる	2
あざ	あざ	5
あせる	あせる	5
あそこ	あそこ	1
あちこち	あちこち	3
あちら	あちら	1
あちらこちら	あちらこちら	4
あっさり	あっさり	5
あっち	あっち	1
あつらえる	あつらえる	5
あなた	あなた	1
あの	あの	1
あふれる	あふれる	4
あぶる	あぶる	4
あべこべ	あべこべ	5
あみもの	あみもの	4
あやふや	あやふや	5
あらゆる	あらゆる	3
あらわす	あらわす	4
ありがとう	ありがとう	3
ありのまま	ありのまま	5
ありふれる	ありふれる	5
あるいは	あるいは	3
あれ	あれ	1
あれこれ	あれこれ	4
あんな	あんな	2
あんなに	あんなに	3
あんまり	あんまり	3
いい	いい	1
いいえ	いいえ	1
いい加減	いいかげん	5
いかが	いかが	1
いかに	いかに	5
いかにも	いかにも	5
いきなり	いきなり	4
いくつ	いくつ	1
いくら	いくら	1
いくらても	いくらても	2
いけない	いけない	3
いざ	いざ	5
いじめる	いじめる	2
いじる	いじる	5
いずれ	いずれ	3
いたずら	いたずら	3
いただきます	いただきます	3
いただく	頂く	2
いたって	いたって	5
いたわる	いたわる	5
いち	いち	4
いちいち	いちいち	4
いっそ	いっそ	5
いってきます	いってきます	4
いってまいります	いってまいります	4
いつ	いつ	1
いつか	いつか	3
いつでも	いつでも	3
いつのまにか	いつのまにか	3
いつまでも	いつまでも	3
いつも	いつも	1
いびき	いびき	5
いやに	いやに	5
いやらしい	いやらしい	5
いよいよ	いよいよ	4
いらいら	いらいら	3
いらっしゃい	いらっしゃい	3
いらっしゃる	いらっしゃる	2
いわゆる	いわゆる	3
うかがう	うかがう	2
うがい	うがい	3
うたた寝	うたたね	5
うち	うち	1
うっかり	うっかり	3
うっとうしい	うっとうしい	5
うつむく	うつむく	5
うどん	うどん	4
うなずく	うなずく	4
うなる	うなる	3
うぬぼれ	うぬぼれ	5
うまい	うまい	2
うるさい	うるさい	1
うろうろ	うろうろ	4
うん	うん	2
うんざり	うんざり	5
うんと	うんと	4
ええ	ええ	1
ええと	ええと	4
お	お	1
おいでになる	おいでになる	2
おおい	おおい	5
おおげさ	おおげさ	5
おおざっぱ	おおざっぱ	4
おおまかな	おおまかな	5
おかけください	おかけください	4
おかげさまで	おかげさまで	4
おかしい	おかしい	2
おかず	おかず	4
おかまいなく	おかまいなく	4
おき	おき	2
おごる	おごる	5
おしまい	おしまい	4
おじいさん	おじいさん	1
おだてる	おだてる	5
おっかない	おっかない	5
おっしゃる	おっしゃる	2
おつり	おつり	2
おととし	おととし	1
おどおど	おどおど	5
おはよう	おはよう	4
おばあさん	おばあさん	1
おびただしい	おびただしい	5
おまけ	おまけ	5
おまちどおさま	おまちどおさま	4
おまわりさん	おまわりさん	1
おむつ	おむつ	5
おめでたい	おめでたい	4
おめでとう	おめでとう	3
おもちゃ	おもちゃ	2
おやつ	おやつ	4
およそ	およそ	3
おる	おる	2
おろそか	おろそか	5
おわる	おわる	2
おんぶ	おんぶ	5
お世話になりました	おせわになりました	4
お互い	おたがい	3
お代わり	おかわり	4
お休み	おやすみ	4
お使い	おつかい	5
お供	おとも	5
お元気で	おげんきで	4
お兄さん	おにいさん	1
お先に	おさきに	4
お出掛け	おでかけ	4
お前	おまえ	3
お参り	おまいり	4
お喋り	おしゃべり	3
お土産	おみやげ	2
お大事に	おだいじに	4
お姉さん	おねえさん	1
お嬢さん	おじょうさん	2
お子さん	おこさん	2
お宅	おたく	2
お宮	おみや	5
お帰り	おかえり	4
お弁当	おべんとう	1
お待たせしました	おまたせしました	4
お待ちください	おまちください	4
お手上げ	おてあげ	5
お手伝いさん	おてつだいさん	4
お手洗い	おてあらい	1
お昼	おひる	3
お母さん	おかあさん	1
お気の毒に	おきのどくに	4
お洒落	おしゃれ	3
お父さん	おとうさん	1
お産	おさん	5
お皿	おさら	1
お目に掛かる	おめにかかる	3
お礼	おれい	2
お祝い	おいわい	2
お祭り	おまつり	2
お腹	おなか	1
お茶	おちゃ	1
お菓子	おかし	1
お袋	おふくろ	5
お見舞い	おみまい	2
お辞儀	おじぎ	3
お邪魔します	おじゃまします	4
お酒	おさけ	1
お金	おかね	1
お金持ち	おかねもち	2
お金持ち	かねもち	2
お陰	おかげ	2
お願いします	おねがいします	4
お風呂	おふろ	1
かかと	かかと	5
かかる	かかる	1
かく	かく	5
かけざん	かけざん	4
かける	かける	1
かさばる	かさばる	5
かさむ	かさむ	5
かしこまりました	かしこまりました	4
かしょ	かしょ	4
かじる	かじる	4
かたかな	かたかな	4
かたづく	かたづく	4
かつて	かつて	5
かなり	かなり	3
かなわない	かなわない	5
かばん	かばん	1
かび	かび	4
かぶる	かぶる	1
かぶれる	かぶれる	5
かもしれない	かもしれない	3
かゆい	かゆい	3
からかう	からかう	4
かりに	かりに	5
かるた	かるた	4
かろうじて	かろうじて	5
か月	かげつ	1
がち	がち	4
がっかり	がっかり	3
がっくり	がっくり	5
がっしり	がっしり	5
がっちり	がっちり	5
がる	がる	1
きしむ	きしむ	5
きちっと	きちっと	5
きちんと	きちんと	3
きっかけ	きっかけ	4
きっかり	きっかり	5
きっちり	きっちり	5
きっと	きっと	2
きっぱり	きっぱり	5
きつい	きつい	3
きまりわるい	きまりわるい	5
きらびやか	きらびやか	5
きり	きり	5
きる	きる	4
ぎっしり	ぎっしり	4
くぐる	くぐる	5
くしゃみ	くしゃみ	4
くじ	くじ	5
くじびき	くじびき	5
くすぐったい	くすぐったい	5
くたびれる	くたびれる	4
くださる	くださる	2
くだらない	くだらない	4
くっきり	くっきり	5
くっつく	くっつく	4
くっつける	くっつける	4
くどい	くどい	4
くらい	くらい	1
くるむ	くるむ	4
くれぐれも	くれぐれも	4
くれる	くれる	2
ぐっすり	ぐっすり	3
ぐっと	ぐっと	5
ぐらい	ぐらい	1
けがする	けがする	2
けがらわしい	けがらわしい	5
けち	けち	3
けなす	けなす	5
けれど	けれど	2
けれども	けれども	2
けんかする	けんかする	2
げっそり	げっそり	5
こう	こう	2
こうして	こうして	4
こうようもみじ	こうようもみじ	4
こくせき	こくせき	4
ここ	ここ	1
こしらえる	こしらえる	4
こじれる	こじれる	5
こす	こす	5
こたつ	こたつ	5
こだわる	こだわる	5
こちら	こちら	1
こちらこそ	こちらこそ	4
こっそり	こっそり	4
こっち	こっち	1
こつ	こつ	5
ことごとく	ことごとく	5
ことによると	ことによると	3
こないだ	こないだ	4
この	この	1
この間	このあいだ	2
この頃	このごろ	2
こぼす	こぼす	3
こぼれる	こぼれる	3
これ	これ	1
これから	これから	2
これら	これら	3
ころ	ころ	1
こんな	こんな	1
こんなに	こんなに	3
こんにちは	こんにちは	3
こんばんは	こんばんは	4
ございます	ございます	2
ごちそう	ごちそう	2
ごちそうさま	ごちそうさま	4
ごと	ごと	4
ごまかす	ごまかす	5
ごみ	ごみ	2
ごめんください	ごめんください	4
ごめんなさい	ごめんなさい	3
ごらんなさい	ごらんなさい	5
ごろ	ごろ	1
ご主人	ごしゅじん	2
ご存じ	ごぞんじ	2
ご苦労様	ごくろうさま	4
さあ	さあ	1
さえずる	さえずる	5
さきに	さきに	5
さす	さす	4
さぞ	さぞ	5
さっき	さっき	2
さっさと	さっさと	4
さっと	さっと	5
さっぱり	さっぱり	3
さっぱりする	さっぱりする	5
さて	さて	3
さほど	さほど	5
さも	さも	5
さようなら	さようなら	4
さらう	さらう	5
さわやか	さわやか	4
さん	さん	1
さ来年	さらいねん	1
ざっと	ざっと	3
しいんと	しいんと	4
しかくしかくい	しかくしかくい	4
しかし	しかし	1
しかしながら	しかしながら	5
しかも	しかも	3
しきたり	しきたり	5
しきりに	しきりに	3
しくじる	しくじる	5
したがって	したがって	3
しっかり	しっかり	2
しっぽ	しっぽ	4
しつこい	しつこい	4
しつれいしました	しつれいしました	4
しなやか	しなやか	5
しばしば	しばしば	3
しばらく	しばらく	2
しびれる	しびれる	4
しぶとい	しぶとい	5
しぼむ	しぼむ	4
しまう	しまう	2
しまった	しまった	3
しみじみ	しみじみ	4
しめた	しめた	4
しめる	しめる	4
しゃがむ	しゃがむ	4
しゃっくり	しゃっくり	4
しゃぶる	しゃぶる	4
しゃべる	しゃべる	3
しょうがない	しょうがない	4
しょっちゅう	しょっちゅう	5
しわ	しわ	4
じっくり	じっくり	5
じっと	じっと	3
じゃ	じゃ	1
じゃあ	じゃあ	1
じゃんけん	じゃんけん	4
じゅうたん	じゅうたん	4
すがすがしい	すがすがしい	5
すぎ	すぎ	1
すくう	すくう	5
すくなくとも	すくなくとも	3
すぐに	すぐに	1
すっかり	すっかり	2
すっきり	すっきり	4
すっと	すっと	2
すっぱい	すっぱい	3
すてき	すてき	3
すなわち	すなわち	3
すばしこい	すばしこい	5
すまない	すまない	4
すみません	すみません	3
すみやか	すみやか	5
すり	すり	2
する	する	1
すると	すると	2
すれちがい	すれちがい	5
すれ違う	すれちがう	3
すんなり	すんなり	5
ずうっと	ずうっと	4
ずっと	ずっと	3
ずつ	ずつ	1
ずばり	ずばり	5
ずぶぬれ	ずぶぬれ	5
ずらす	ずらす	4
ずらっと	ずらっと	5
ずらり	ずらり	4
ずるずる	ずるずる	5
ずれ	ずれ	5
ずれる	ずれる	3
せっせと	せっせと	4
せめて	せめて	4
ぜひとも	ぜひとも	4
そう	そう	1
そういえば	そういえば	4
そうして	そうして	1
そうっと	そうっと	4
そうです	そうです	1
そこ	そこ	1
そこで	そこで	3
そこら	そこら	5
そして	そして	1
そそっかしい	そそっかしい	4
そちら	そちら	1
そっくり	そっくり	3
そっち	そっち	1
そっと	そっと	3
その	その	1
そのうえ	そのうえ	3
そのうち	そのうち	3
そのころ	そのころ	4
そのため	そのため	4
そのまま	そのまま	3
その他	そのほか	4
そば	そば	1
そらす	そらす	5
そり	そり	5
それ	それ	1
それから	それから	1
それぞれ	それぞれ	3
それで	それで	2
それでは	それでは	1
それでも	それでも	3
それと	それと	3
それとも	それとも	3
それなのに	それなのに	4
それなら	それなら	4
それに	それに	2
それはいけませんね	それはいけませんね	4
それほど	それほど	2
それゆえ	それゆえ	5
そろそろ	そろそろ	2
そんな	そんな	2
そんなに	そんなに	2
ぞんざい	ぞんざい	5
たくましい	たくましい	5
たしか	たしか	3
ただ	ただ	3
ただいま	ただいま	4
たち	たち	1
たちまち	たちまち	4
たっぷり	たっぷり	3
たて	たて	1
たとえ	たとえ	3
たばこ	たばこ	1
たびたび	たびたび	3
たまに	たまに	2
たまらない	たまらない	3
ためらう	ためらう	4
たやすい	たやすい	5
たんす	たんす	4
だいいち	だいいち	4
だから	だから	2
だが	だが	3
だけ	だけ	1
だけど	だけど	3
だす	だす	2
だったら	だったら	5
だって	だって	3
だと	だと	5
だぶだぶ	だぶだぶ	5
だめ	だめ	2
だらけ	だらけ	4
だらしない	だらしない	4
だるい	だるい	5
ちぎる	ちぎる	4
ちっとも	ちっとも	2
ちゃん	ちゃん	2
ちゃんと	ちゃんと	3
ちやほや	ちやほや	5
ちょうだい	ちょうだい	3
ちょくちょく	ちょくちょく	5
ちょっと	ちょっと	1
ちらっと	ちらっと	5
ついて	ついて	2
ついで	ついで	4
つうか	つうか	4
つかの間	つかのま	5
つくづく	つくづく	5
つける	つける	1
つじつま	つじつま	5
つねる	つねる	5
つぶら	つぶら	5
つぶる	つぶる	5
つまずく	つまずく	4
つまらない	つまらない	1
つまり	つまり	3
つもり	つもり	2
てっきり	てっきり	5
てっぺん	てっぺん	5
てんで	てんで	5
でかい	でかい	5
できもの	できもの	5
できる	できる	1
できるだけ	できるだけ	2
できれば	できれば	3
ですから	ですから	3
でたらめ	でたらめ	4
では	では	1
でも	でも	1
と	と	3
とうとう	とうとう	2
とかく	とかく	5
とがめる	とがめる	5
とぎれる	とぎれる	5
とげ	とげ	5
ところ	ところ	4
ところが	ところが	3
ところで	ところで	3
とっくに	とっくに	4
とっさに	とっさに	5
とって	とって	5
とても	とても	1
とにかく	とにかく	3
とぼける	とぼける	5
ともかく	ともかく	4
とりあえず	とりあえず	5
とろける	とろける	5
とんだ	とんだ	5
とんでもない	とんでもない	3
どう	どう	1
どういたしまして	どういたしまして	4
どうして	どうして	1
どうしても	どうしても	3
どうせ	どうせ	4
どうぞ	どうぞ	1
どうぞよろしく	どうぞよろしく	3
どうにか	どうにか	5
どうも	どうも	1
どうやら	どうやら	5
どきどき	どきどき	4
どこ	どこ	1
どこか	どこか	3
どころか	どころか	5
どちら	どちら	1
どっち	どっち	1
どっと	どっと	4
どなた	どなた	1
どの	どの	1
どれ	どれ	1
どんどん	どんどん	2
どんな	どんな	1
どんなに	どんなに	3
ない	ない	1
なお	なお	3
なおさら	なおさら	5
なさる	なさる	2
なぜ	なぜ	1
なぜなら	なぜなら	3
など	など	1
なにしろ	なにしろ	4
なにとぞ	なにとぞ	5
なにも	なにも	3
なにより	なにより	5
なる	なる	1
なるたけ	なるたけ	5
なるべく	なるべく	2
なるほど	なるほど	2
なんか	なんか	5
なんだかんだ	なんだかんだ	5
なんとなく	なんとなく	4
なんとも	なんとも	4
なんなり	なんなり	5
にきび	にきび	5
にぎやか	にぎやか	1
にくい	にくい	2
にこにこ	にこにこ	4
にせ物	にせもの	5
にっこり	にっこり	3
にも関わらず	にもかかわらず	5
ねじ	ねじ	4
ねじまわし	ねじまわし	5
ねだる	ねだる	5
のこぎり	のこぎり	4
のどか	のどか	5
のろのろ	のろのろ	4
のんびり	のんびり	3
はあ	はあ	3
はい	はい	1
はかない	はかない	5
はきはき	はきはき	4
はく	はく	1
はさみ	はさみ	3
はじめまして	はじめまして	4
はず	はず	2
はっきり	はっきり	2
はまる	はまる	5
はめる	はめる	4
はらはら	はらはら	5
ばい菌	ばいきん	5
ばかばかしい	ばかばかしい	5
ばからしい	ばからしい	4
ばかり	ばかり	2
ばったり	ばったり	3
ばてる	ばてる	5
ばね	ばね	4
ばらまく	ばらまく	5
ひいては	ひいては	5
ひげ	ひげ	2
ひたすら	ひたすら	5
ひとまず	ひとまず	4
ひとりでに	ひとりでに	4
ひどい	ひどい	2
ひび	ひび	5
ひゃっかじてん	ひゃっかじてん	4
ひょっと	ひょっと	5
びっくりする	びっくりする	2
びっしょり	びっしょり	5
びら	びら	5
びり	びり	5
ぴかぴか	ぴかぴか	4
ぴたり	ぴたり	4
ぴったり	ぴったり	3
ふくめる	ふくめる	4
ふさわしい	ふさわしい	5
ふざける	ふざける	4
ふと	ふと	3
ふらふら	ふらふら	5
ふわふわ	ふわふわ	4
ふんだん	ふんだん	5
ぶかぶか	ぶかぶか	5
ぶつかる	ぶつかる	3
ぶつける	ぶつける	3
ぶつぶつ	ぶつぶつ	4
ぶどう	ぶどう	2
ぶらさげる	ぶらさげる	4
ぶらぶら	ぶらぶら	5
へそ	へそ	4
へりくだる	へりくだる	5
ぺこぺこ	ぺこぺこ	5
ほう	ほう	4
ほっと	ほっと	3
ほっぺた	ほっぺた	5
ほとり	ほとり	5
ほとんど	ほとんど	2
ほぼ	ほぼ	3
ほんの	ほんの	4
ぼつぼつ	ぼつぼつ	5
ぼやく	ぼやく	5
ぼやける	ぼやける	5
ぼろ	ぼろ	4
ぼんやり	ぼんやり	3
ぽい	ぽい	4
まあ	まあ	3
まあまあ	まあまあ	4
まく	まく	4
まごつく	まごつく	5
まごまご	まごまご	4
まさか	まさか	3
まさしく	まさしく	5
まさに	まさに	3
まざる	まざる	4
まして	まして	5
まじる	まじる	4
ますます	ますます	3
まず	まず	2
まずい	まずい	1
まぜる	まぜる	4
また	また	1
またがる	またがる	5
またぐ	またぐ	4
または	または	2
まだ	まだ	1
まちまち	まちまち	5
まっすぐ	まっすぐ	1
まと	まと	5
まとまる	まとまる	3
まとめる	まとめる	3
まぶしい	まぶしい	3
まぶた	まぶた	4
まま	まま	2
まみれ	まみれ	5
まるっきり	まるっきり	5
まるで	まるで	3
みじめ	みじめ	4
みすぼらしい	みすぼらしい	5
みたい	みたい	4
みっともない	みっともない	4
みんな	みんな	1
むしる	むしる	5
めちゃくちゃ	めちゃくちゃ	4
めっきり	めっきり	4
めでたい	めでたい	4
めまい	めまい	4
もう	もう	1
もうすぐ	もうすぐ	2
もがく	もがく	5
もし	もし	2
もしかしたら	もしかしたら	4
もしかして	もしかして	5
もしかすると	もしかすると	3
もしくは	もしくは	5
もしも	もしも	3
もしもし	もしもし	1
もたらす	もたらす	5
もたれる	もたれる	4
もち	もち	4
もちろん	もちろん	2
もったいない	もったいない	3
もっと	もっと	1
もてなす	もてなす	5
もてる	もてる	5
もはや	もはや	5
もめる	もめる	5
もやす	もやす	4
もらう	もらう	2
もろに	もろに	5
やかましい	やかましい	4
やかん	やかん	4
やがて	やがて	3
やけに	やけに	5
やすい	やすい	2
やたらに	やたらに	4
やっつける	やっつける	4
やっと	やっと	2
やっぱり	やっぱり	2
やはり	やはり	2
やむをえない	やむをえない	4
やや	やや	3
ややこしい	ややこしい	5
やりとおす	やりとおす	5
やりとげる	やりとげる	5
やる	やる	1
ゆっくりと	ゆっくりと	1
ゆとり	ゆとり	5
よい	よい	1
よく	よく	1
よこす	よこす	4
よごす	よごす	4
よし	よし	5
よって	よって	5
より	より	3
よると	よると	2
よろしい	よろしい	2
よろしく	よろしく	3
りっぱ	りっぱ	1
ろうそく	ろうそく	4
ろくな	ろくな	5
わがまま	わがまま	3
わざと	わざと	3
わざわざ	わざわざ	5
アイスクリーム	あいすくりーむ	3
アイデア	あいであ	4
アイディア	あいでぃあ	4
アウト	あうと	3
アクセサリー	あくせさりー	2
アクセル	あくせる	5
アクセント	あくせんと	4
アジア	あじあ	2
アップ	あっぷ	3
アナウンサー	あなうんさー	2
アパート	あぱーと	1
アフリカ	あふりか	2
アプローチ	あぷろーち	5
アマチュア	あまちゅあ	5
アメリカ	あめりか	2
アラブ	あらぶ	5
アルカリ	あるかり	5
アルコール	あるこーる	2
アルバイト	あるばいと	2
アルバム	あるばむ	3
アルミ	あるみ	5
アワー	あわー	5
アンケート	あんけーと	3
アンコール	あんこーる	5
アンテナ	あんてな	4
イェス	いぇす	5
イコール	いこーる	4
イメージ	いめーじ	3
インキ	いんき	4
インク	いんく	3
インタビュー	いんたびゅー	3
インターチェンジ	いんたーちぇんじ	5
インターナショナル	いんたーなしょなる	5
インターフォン	いんたーふぉん	5
インテリ	いんてり	5
インフォメーション	いんふぉめーしょん	5
インフレ	いんふれ	5
ウイスキー	ういすきー	3
ウエートレス	うえーとれす	4
ウーマン	うーまん	4
ウール	うーる	4
エアメール	えあめーる	5
エスカレーター	えすかれーたー	2
エチケット	えちけっと	4
エネルギー	えねるぎー	3
エプロン	えぷろん	4
エレガント	えれがんと	5
エレベーター	えれべーたー	1
エンジニア	えんじにあ	5
エンジン	えんじん	3
オイル	おいる	4
オフィス	おふぃす	3
オリエンテーション	おりえんてーしょん	5
オルガン	おるがん	4
オンライン	おんらいん	5
オーケストラ	おーけすとら	4
オートバイ	おーとばい	2
オートマチック	おーとまちっく	5
オートメーション	おーとめーしょん	4
オーバー	おーばー	2
カクテル	かくてる	5
カセット	かせっと	4
カット	かっと	5
カップ	かっぷ	1
カテゴリー	かてごりー	5
カバー	かばー	4
カムバック	かむばっく	5
カメラ	かめら	1
カメラマン	かめらまん	5
カラー	からー	4
カルテ	かるて	5
カレンダー	かれんだー	1
カレー	かれー	1
カロリー	かろりー	4
カンニング	かんにんぐ	5
カー	かー	3
カーテン	かーてん	2
カード	かーど	3
カーブ	かーぶ	4
カーペット	かーぺっと	5
ガイド	がいど	5
ガイドブック	がいどぶっく	5
ガス	がす	2
ガソリン	がそりん	2
ガソリンスタンド	がそりんすたんど	2
ガム	がむ	4
ガラス	がらす	2
ガレージ	がれーじ	5
キャッチ	きゃっち	5
キャプテン	きゃぷてん	3
キャリア	きゃりあ	5
キャンパス	きゃんぱす	4
キャンプ	きゃんぷ	3
キロ	きろ	1
キログラム	きろぐらむ	1
キロメートル	きろめーとる	1
ギター	ぎたー	1
ギャング	ぎゃんぐ	4
クイズ	くいず	5
クラシック	くらしっく	3
クラス	くらす	1
クリスマス	くりすます	3
クリーニング	くりーにんぐ	4
クリーム	くりーむ	3
クレーン	くれーん	5
クーラー	くーらー	4
グラス	ぐらす	3
グラム	ぐらむ	1
グランド	ぐらんど	3
グループ	ぐるーぷ	3
グレー	ぐれー	5
ケーキ	けーき	2
ケース	けーす	3
ゲスト	げすと	5
ゲーム	げーむ	3
コック	こっく	4
コップ	こっぷ	1
コピーする	こぴーする	1
コマーシャル	こまーしゃる	5
コメント	こめんと	5
コレクション	これくしょん	4
コンクリート	こんくりーと	4
コンクール	こんくーる	4
コンサート	こんさーと	2
コンセント	こんせんと	4
コンタクト	こんたくと	5
コンテスト	こんてすと	3
コントラスト	こんとらすと	5
コントロール	こんとろーる	5
コンパス	こんぱす	5
コンピュータ	こんぴゅーた	2
コンピューター	こんぴゅーたー	2
コース	こーす	4
コーチ	こーち	3
コート	こーと	1
コード	こーど	3
コーナー	こーなー	5
コーヒー	こーひー	1
コーラス	こーらす	4
ゴム	ごむ	4
ゴール	ごーる	3
サイクル	さいくる	5
サイズ	さいず	5
サイレン	さいれん	4
サイン	さいん	3
サボる	さぼる	5
サラダ	さらだ	2
サラリーマン	さらりーまん	4
サンキュー	さんきゅー	5
サンタクロース	さんたくろーす	5
サンダル	さんだる	2
サンドイッチ	さんどいっち	2
サンプル	さんぷる	4
サークル	さーくる	4
サービス	さーびす	3
システム	しすてむ	5
シック	しっく	5
シナリオ	しなりお	5
シャッター	しゃったー	4
シャツ	しゃつ	1
シャワー	しゃわー	1
ショック	しょっく	3
ショップ	しょっぷ	4
ショー	しょー	5
シリーズ	しりーず	4
シーズン	しーずん	4
シーツ	しーつ	4
シート	しーと	5
ジェット機	じぇっとき	3
ジャズ	じゃず	5
ジャム	じゃむ	2
ジャンパー	じゃんぱー	5
ジャンプ	じゃんぷ	5
ジャンボ	じゃんぼ	5
ジャンル	じゃんる	5
ジャーナリスト	じゃーなりすと	4
ジュース	じゅーす	3
ジーパン	じーぱん	5
ジーンズ	じーんず	3
スイッチ	すいっち	3
スカート	すかーと	1
スカーフ	すかーふ	4
スキー	すきー	3
スクリーン	すくりーん	2
スクール	すくーる	4
スケジュール	すけじゅーる	3
スケート	すけーと	3
スタイル	すたいる	3
スタジオ	すたじお	5
スタンド	すたんど	3
スター	すたー	3
スタート	すたーと	4
スチュワーデス	すちゅわーです	4
スチーム	すちーむ	5
ステレオ	すてれお	2
ステーキ	すてーき	2
ステージ	すてーじ	4
スト	すと	5
ストッキング	すとっきんぐ	4
ストップ	すとっぷ	4
ストライキ	すとらいき	5
ストレス	すとれす	3
ストロボ	すとろぼ	5
ストロー	すとろー	5
ストーブ	すとーぶ	1
スピーカー	すぴーかー	4
スピーチ	すぴーち	3
スプリング	すぷりんぐ	5
スプーン	すぷーん	1
スペース	すぺーす	5
スポーツ	すぽーつ	1
スポーツカー	すぽーつかー	5
スマート	すまーと	4
スライド	すらいど	4
スラックス	すらっくす	5
スリッパ	すりっぱ	4
スーツ	すーつ	2
スーツケース	すーつけーす	2
スーパー	すーぱー	2
スープ	すーぷ	3
ズボン	ずぼん	1
セクション	せくしょん	5
セックス	せっくす	5
セット	せっと	3
セメント	せめんと	4
セレモニー	せれもにー	5
センス	せんす	5
センター	せんたー	3
センチ	せんち	4
セーター	せーたー	1
セール	せーる	5
ゼミ	ぜみ	4
ゼリー	ぜりー	5
ゼロ	ぜろ	1
ソックス	そっくす	5
ソファー	そふぁー	3
ソフト	そふと	2
ソロ	そろ	5
ソース	そーす	5
タイア	たいあ	4
タイトル	たいとる	3
タイピスト	たいぴすと	5
タイプ	たいぷ	2
タイプライター	たいぷらいたー	3
タイマー	たいまー	5
タイミング	たいみんぐ	5
タイム	たいむ	5
タイムリー	たいむりー	5
タイル	たいる	5
タオル	たおる	3
タクシー	たくしー	1
タレント	たれんと	5
タワー	たわー	5
ダイヤ	だいや	3
ダイヤグラム	だいやぐらむ	4
ダイヤモンド	だいやもんど	4
ダイヤル	だいやる	4
ダウン	だうん	3
ダブル	だぶる	4
ダム	だむ	4
ダンス	だんす	3
ダンプ	だんぷ	5
ダース	だーす	5
チェックする	ちぇっくする	2
チェンジ	ちぇんじ	5
チップ	ちっぷ	4
チャイム	ちゃいむ	3
チャンス	ちゃんす	3
チャンネル	ちゃんねる	5
チョーク	ちょーく	4
チーズ	ちーず	3
チーム	ちーむ	3
チームワーク	ちーむわーく	5
ティシュペーパー	てぃしゅぺーぱー	5
テキスト	てきすと	2
テスト	てすと	1
テニス	てにす	2
テニスコート	てにすこーと	4
テレックス	てれっくす	5
テレビ	てれび	1
テント	てんと	3
テンポ	てんぽ	4
テーブル	てーぶる	1
テープ	てーぷ	1
テープレコーダー	てーぷれこーだー	1
テーマ	てーま	4
デコレーション	でこれーしょん	5
デザイン	でざいん	3
デザート	でざーと	3
デッサン	でっさん	5
デパート	でぱーと	1
デモ	でも	3
デモンストレーション	でもんすとれーしょん	5
データ	でーた	3
デート	でーと	3
トイレ	といれ	1
トップ	とっぷ	3
トラック	とらっく	3
トラブル	とらぶる	5
トランジスター	とらんじすたー	5
トランプ	とらんぷ	3
トレーニング	とれーにんぐ	3
トン	とん	3
トンネル	とんねる	3
トーン	とーん	5
ドア	どあ	1
ドライ	どらい	5
ドライクリーニング	どらいくりーにんぐ	5
ドライバー	どらいばー	5
ドライブ	どらいぶ	3
ドライブイン	どらいぶいん	5
ドラマ	どらま	3
ドリル	どりる	5
ドレス	どれす	3
ナイター	ないたー	5
ナイフ	ないふ	1
ナイロン	ないろん	4
ナプキン	なぷきん	5
ナンセンス	なんせんす	5
ナンバー	なんばー	4
ニュアンス	にゅあんす	5
ニュー	にゅー	5
ニュース	にゅーす	1
ネガ	ねが	5
ネクタイ	ねくたい	1
ネックレス	ねっくれす	4
ノイローゼ	のいろーぜ	5
ノック	のっく	3
ノー	のー	3
ノート	のーと	1
ハイキング	はいきんぐ	3
ハンカチ	はんかち	1
ハンガー	はんがー	5
ハンサム	はんさむ	3
ハンドル	はんどる	4
ハンバーグ	はんばーぐ	2
バイオリン	ばいおりん	3
バイバイ	ばいばい	4
バケツ	ばけつ	4
バス	ばす	1
バター	ばたー	1
バック	ばっく	4
バッグ	ばっぐ	3
バッジ	ばっじ	5
バッテリー	ばってりー	5
バット	ばっと	5
バランス	ばらんす	3
バンド	ばんど	4
バー	ばー	5
パイプ	ぱいぷ	3
パイロット	ぱいろっと	3
パジャマ	ぱじゃま	5
パス	ぱす	3
パスポート	ぱすぽーと	3
パソコン	ぱそこん	2
パターン	ぱたーん	4
パチンコ	ぱちんこ	5
パトカー	ぱとかー	5
パパ	ぱぱ	2
パン	ぱん	1
パンク	ぱんく	5
パンツ	ぱんつ	4
パーセント	ぱーせんと	3
パーティー	ぱーてぃー	1
パート	ぱーと	2
ヒント	ひんと	5
ビジネス	びじねす	5
ビタミン	びたみん	4
ビデオ	びでお	3
ビニール	びにーる	4
ビル	びる	2
ビルディング	びるでぃんぐ	4
ビール	びーる	3
ビールス	びーるす	5
ピアノ	ぴあの	2
ピクニック	ぴくにっく	3
ピストル	ぴすとる	4
ピン	ぴん	3
ピンク	ぴんく	4
ファイト	ふぁいと	5
ファイル	ふぁいる	5
ファスナー	ふぁすなー	4
ファックス	ふぁっくす	2
ファン	ふぁん	5
フィルタ	ふぃるた	5
フィルム	ふぃるむ	1
フォーク	ふぉーく	1
フォーム	ふぉーむ	5
フライパン	ふらいぱん	4
フリー	ふりー	4
フロント	ふろんと	5
ブザー	ぶざー	5
ブラウス	ぶらうす	4
ブラシ	ぶらし	4
ブル	ぶる	5
ブレーキ	ぶれーき	3
ブローチ	ぶろーち	4
ブーツ	ぶーつ	5
ブーム	ぶーむ	5
プラス	ぷらす	3
プラスチック	ぷらすちっく	3
プラットホーム	ぷらっとほーむ	4
プラン	ぷらん	3
プリント	ぷりんと	4
プレゼント	ぷれぜんと	2
プロ	ぷろ	3
プログラム	ぷろぐらむ	4
プール	ぷーる	1
ヘリコプター	へりこぷたー	4
ベスト	べすと	5
ベストセラー	べすとせらー	5
ベッド	べっど	1
ベテラン	べてらん	4
ベル	べる	2
ベルト	べると	3
ベンチ	べんち	3
ベース	べーす	5
ペア	ぺあ	5
ペット	ぺっと	1
ペン	ぺん	1
ペンキ	ぺんき	3
ペンチ	ぺんち	4
ページ	ぺーじ	1
ホテル	ほてる	1
ホース	ほーす	5
ホーム	ほーむ	3
ホール	ほーる	5
ボイコット	ぼいこっと	5
ボタン	ぼたん	1
ボルト	ぼると	5
ボーイ	ぼーい	3
ボート	ぼーと	3
ボーナス	ぼーなす	4
ボール	ぼーる	3
ボールペン	ぼーるぺん	1
ポイント	ぽいんと	5
ポケット	ぽけっと	1
ポジション	ぽじしょん	5
ポスター	ぽすたー	4
ポスト	ぽすと	1
ポット	ぽっと	5
ポンプ	ぽんぷ	5
ポーズ	ぽーず	5
マイ	まい	5
マイク	まいく	3
マイクロフォン	まいくろふぉん	5
マイナス	まいなす	3
マスク	ますく	4
マスコミ	ますこみ	3
マスター	ますたー	3
マッサージ	まっさーじ	3
マッチ	まっち	1
マフラー	まふらー	4
ママ	まま	3
マラソン	まらそん	4
マンション	まんしょん	4
マーク	まーく	5
マーケット	まーけっと	3
ミシン	みしん	4
ミス	みす	3
ミスプリント	みすぷりんと	5
ミセス	みせす	5
ミュージック	みゅーじっく	5
ミリ	みり	4
ミルク	みるく	3
ムード	むーど	5
メッセージ	めっせーじ	3
メディア	めでぃあ	5
メニュー	めにゅー	4
メモ	めも	3
メロディー	めろでぃー	5
メンバー	めんばー	3
メーカー	めーかー	5
メートル	めーとる	1
モダン	もだん	4
モデル	もでる	4
モニター	もにたー	5
モノレール	ものれーる	4
モーター	もーたー	4
モーテル	もーてる	5
ヤング	やんぐ	5
ユニフォーム	ゆにふぉーむ	5
ユニーク	ゆにーく	5
ユーモア	ゆーもあ	3
ヨット	よっと	3
ヨーロッパ	よーろっぱ	3
ライス	らいす	5
ライター	らいたー	3
ラケット	らけっと	3
ラジオ	らじお	1
ラジオカセ	らじおかせ	1
ラッシュアワー	らっしゅあわー	4
ラベル	らべる	3
ランチ	らんち	4
ランニング	らんにんぐ	4
ランプ	らんぷ	5
リズム	りずむ	4
リットル	りっとる	4
リボン	りぼん	4
リポート	りぽーと	2
リード	りーど	5
ルーズ	るーず	5
ルール	るーる	3
レインコート	れいんこーと	4
レギュラー	れぎゅらー	5
レクリェーション	れくりぇーしょん	4
レコード	れこーど	1
レジ	れじ	2
レジャー	れじゃー	4
レストラン	れすとらん	1
レッスン	れっすん	5
レディー	れでぃー	5
レバー	ればー	5
レベル	れべる	3
レポート	れぽーと	2
レンジ	れんじ	5
レンズ	れんず	4
レンタカー	れんたかー	5
レントゲン	れんとげん	5
レース	れーす	5
ロケット	ろけっと	3
ロッカー	ろっかー	4
ロビー	ろびー	4
ロマンチック	ろまんちっく	5
ロープ	ろーぷ	5
ロープウエイ	ろーぷうえい	5
ローマ字	ろーまじ	4
ワイシャツ	わいしゃつ	1
ワイン	わいん	3
ワット	わっと	5
ワンピース	わんぴーす	4
ワープロ	わーぷろ	2
一	いち	1
一	ひと	4
一つ	ひとつ	1
一人	ひとり	1
一人一人	ひとりひとり	3
一休み	ひとやすみ	4
一体	いったい	3
一切	いっさい	5
一別	いちべつ	5
一同	いちどう	5
一変	いっぺん	5
一定	いってい	4
一家	いっか	3
一層	いっそう	3
一帯	いったい	3
一度	いちど	2
一度に	いちどに	3
一律	いちりつ	5
一心	いっしん	5
一応	いちおう	4
一息	ひといき	5
一括	いっかつ	5
一挙に	いっきょに	5
一斉	いっせい	4
一方	いっぽう	3
一日	いちにち	1
一日	ついたち	1
一旦	いったん	4
一昨年	いっさくねん	4
一昨日	いっさくじつ	4
一昨日	おととい	1
一昨昨日	さきおととい	4
一時	いちじ	3
一月	ひとつき	1
一杯	いっぱい	2
一概に	いちがいに	5
一様	いちよう	5
一段と	いちだんと	4
一気	いっき	5
一流	いちりゅう	4
一生	いっしょう	3
一生懸命	いっしょうけんめい	2
一番	いちばん	1
一目	いちもく	5
一瞬	いっしゅん	3
一種	いっしゅ	3
一筋	ひとすじ	5
一緒	いっしょ	1
一致	いっち	3
一般	いっぱん	3
一見	いっけん	5
一言	ひとこと	3
一通り	ひととおり	4
一連	いちれん	5
一部分	いちぶぶん	5
一面	いちめん	5
一頃	ひところ	5
丁寧	ていねい	2
丁度	ちょうど	1
丁目	ちょうめ	4
七	しち	1
七つ	ななつ	1
七日	なのか	1
万	まん	1
万一	まんいち	3
万人	ばんにん	5
万年筆	まんねんひつ	1
万歳	ばんざい	4
万能	ばんのう	5
丈	たけ	5
丈夫	じょうぶ	1
三	さん	1
三つ	みっつ	1
三味線	しゃみせん	5
三日	みっか	1
三日月	みかづき	4
三角	さんかく	4
上	うえ	1
上	うわ	3
上	かみ	3
上	じょう	3
上がり	あがり	5
上がる	あがる	2
上げる	あげる	1
上り	のぼり	4
上る	のぼる	3
上下	じょうげ	4
上京	じょうきょう	3
上位	じょうい	5
上司	じょうし	3
上品	じょうひん	4
上回る	うわまわる	5
上手	じょうず	1
上旬	じょうじゅん	4
上昇	じょうしょう	5
上演	じょうえん	5
上着	うわぎ	1
上空	じょうくう	5
上等	じょうとう	3
上級	じょうきゅう	4
上達	じょうたつ	3
上陸	じょうりく	5
下	か	4
下	げ	3
下	した	1
下	しも	3
下げる	さげる	2
下さい	ください	1
下す	おろす	3
下り	くだり	3
下りる	おりる	2
下る	くだる	3
下る	さがる	2
下取り	したどり	5
下品	げひん	4
下地	したじ	5
下宿	げしゅく	2
下心	したごころ	5
下手	へた	1
下旬	げじゅん	4
下書き	したがき	4
下水	げすい	4
下火	したび	5
下町	したまち	4
下痢	げり	5
下着	したぎ	2
下線	かせん	4
下調べ	したしらべ	5
下車	げしゃ	4
下降	かこう	4
下駄	げた	4
不	ふ	3
不	ぶ	3
不便	ふべん	2
不利	ふり	3
不動産	ふどうさん	5
不可	ふか	3
不可欠	ふかけつ	5
不吉	ふきつ	5
不在	ふざい	5
不安	ふあん	3
不審	ふしん	5
不平	ふへい	3
不幸	ふこう	3
不当	ふとう	5
不思議	ふしぎ	3
不意	ふい	5
不振	ふしん	5
不明	ふめい	5
不景気	ふけいき	5
不服	ふふく	5
不正	ふせい	3
不況	ふきょう	5
不満	ふまん	3
不潔	ふけつ	4
不自由	ふじゆう	3
不良	ふりょう	5
不規則	ふきそく	4
不評	ふひょう	5
不調	ふちょう	5
不足	ふそく	3
不通	ふつう	3
不運	ふうん	4
不順	ふじゅん	5
与える	あたえる	3
与党	よとう	5
且つ	かつ	5
世	よ	3
世の中	よのなか	3
世代	せだい	5
世帯	せたい	5
世界	せかい	2
世紀	せいき	3
世話	せわ	2
世論	せろん	5
世論	よろん	5
世辞	せじ	5
世間	せけん	3
丘	おか	3
丘陵	きゅうりょう	3
両	りょう	4
両側	りょうがわ	4
両方	りょうほう	2
両替	りょうがえ	3
両極	りょうきょく	5
両立	りょうりつ	5
両親	りょうしん	1
並	なみ	3
並びに	ならびに	5
並ぶ	ならぶ	1
並べる	ならべる	1
並列	へいれつ	5
並木	なみき	4
並行	へいこう	4
中	じゅう	1
中	ちゅう	1
中	なか	1
中々	なかなか	2
中世	ちゅうせい	4
中傷	ちゅうしょう	5
中古	ちゅうこ	3
中味	なかみ	3
中和	ちゅうわ	5
中央	ちゅうおう	3
中学	ちゅうがく	3
中学校	ちゅうがっこう	2
中年	ちゅうねん	4
中心	ちゅうしん	3
中性	ちゅうせい	4
中指	なかゆび	4
中断	ちゅうだん	5
中旬	ちゅうじゅん	4
中枢	ちゅうすう	5
中止	ちゅうし	3
中毒	ちゅうどく	5
中程	なかほど	5
中立	ちゅうりつ	5
中継	ちゅうけい	5
中腹	ちゅうふく	5
中身	なかみ	3
中途	ちゅうと	4
中間	ちゅうかん	4
丸	まる	3
丸々	まるまる	5
丸い	まるい	1
丸ごと	まるごと	5
丸める	まるめる	5
主	しゅ	5
主	ぬし	5
主に	おもに	3
主人	しゅじん	4
主人公	しゅじんこう	5
主任	しゅにん	5
主体	しゅたい	5
主催	しゅさい	5
主婦	しゅふ	3
主導	しゅどう	5
主張	しゅちょう	3
主役	しゅやく	4
主権	しゅけん	5
主演	しゅえん	5
主義	しゅぎ	3
主要	しゅよう	3
主観	しゅかん	5
主語	しゅご	4
主題	しゅだい	5
主食	しゅしょく	5
丼	どんぶり	4
乃至	ないし	5
久しい	ひさしい	5
久しぶり	ひさしぶり	2
乏しい	とぼしい	5
乗せる	のせる	3
乗っ取る	のっとる	5
乗り換え	のりかえ	4
乗り換える	のりかえる	2
乗り物	のりもの	2
乗り越し	のりこし	4
乗り込む	のりこむ	5
乗る	のる	1
乗客	じょうきゃく	3
乗換	のりかえ	4
乗車	じょうしゃ	4
乙	おつ	5
九	きゅう	1
九	く	1
九つ	ここのつ	1
九日	ここのか	1
乱す	みだす	5
乱れる	みだれる	5
乱暴	らんぼう	4
乳	ちち	5
乾かす	かわかす	3
乾く	かわく	2
乾杯	かんぱい	4
乾燥	かんそう	3
乾電池	かんでんち	4
了承	りょうしょう	5
了解	りょうかい	5
予て	かねて	5
予め	あらかじめ	5
予備	よび	4
予報	よほう	3
予定	よてい	2
予想	よそう	3
予感	よかん	5
予期	よき	3
予測	よそく	3
予算	よさん	3
予約	よやく	2
予習	よしゅう	2
予言	よげん	5
予防	よぼう	3
争い	あらそい	5
争う	あらそう	3
事	こと	2
事件	じけん	3
事前	じぜん	5
事務所	じむしょ	2
事実	じじつ	3
事情	じじょう	3
事故	じこ	2
事柄	ことがら	5
事業	じぎょう	5
事項	じこう	5
二	に	1
二つ	ふたつ	1
二人	ふたり	1
二十日	はつか	1
二十歳	はたち	1
二日	ふつか	1
云々	うんぬん	5
互い	たがい	3
五	ご	1
五つ	いつつ	1
五十音	ごじゅうおん	4
五日	いつか	1
井戸	いど	4
亡くす	なくす	3
亡くなる	なくなる	2
交える	まじえる	5
交ざる	まざる	3
交じる	まじる	3
交す	かわす	5
交ぜる	まぜる	3
交わる	まじわる	5
交互	こうご	5
交付	こうふ	5
交代	こうたい	4
交差	こうさ	4
交差点	こうさてん	1
交換	こうかん	3
交替	こうたい	4
交流	こうりゅう	4
交渉	こうしょう	5
交番	こうばん	1
交通	こうつう	2
交通機関	こうつうきかん	4
交際	こうさい	3
享受	きょうじゅ	3
人	じん	1
人	にん	1
人	ひと	1
人事	じんじ	4
人体	じんたい	5
人口	じんこう	2
人命	じんめい	4
人工	じんこう	3
人差指	ひとさしゆび	4
人形	にんぎょう	2
人影	ひとかげ	5
人文科学	じんぶんかがく	4
人材	じんざい	5
人柄	ひとがら	5
人格	じんかく	5
人民	じんみん	5
人気	にんき	3
人気	ひとけ	5
人物	じんぶつ	3
人生	じんせい	3
人目	ひとめ	5
人種	じんしゅ	3
人質	ひとじち	5
人込み	ひとごみ	3
人通り	ひとどおり	4
人造	じんぞう	4
人間	にんげん	3
人類	じんるい	3
今	いま	1
今	こん	4
今に	いまに	3
今にも	いまにも	3
今回	こんかい	3
今夜	こんや	2
今年	ことし	1
今度	こんど	2
今後	こんご	3
今日	きょう	1
今日	こんにち	3
今晩	こんばん	1
今更	いまさら	5
今月	こんげつ	1
今朝	けさ	1
今週	こんしゅう	1
介入	かいにゅう	5
介抱	かいほう	5
介護	かいご	5
仏	ほとけ	3
仏像	ぶつぞう	5
仕える	つかえる	5
仕上	しあげ	5
仕上がり	しあがり	5
仕上がる	しあがる	4
仕上げる	しあげる	5
仕事	しごと	1
仕入れる	しいれる	5
仕切る	しきる	5
仕掛	しかけ	5
仕掛ける	しかける	5
仕方	しかた	2
仕方がない	しかたがない	4
仕様	しよう	3
仕立てる	したてる	5
仕組	しくみ	5
他	た	3
他	ほか	3
他人	たにん	3
他動詞	たどうし	5
他方	たほう	5
付	つき	4
付き合い	つきあい	3
付く	つく	3
付ける	つける	3
付け加える	つけくわえる	5
付合う	つきあう	3
付属	ふぞく	4
付近	ふきん	4
付録	ふろく	5
代	だい	2
代える	かえる	3
代る	かわる	3
代る代る	かわるがわる	5
代わり	かわり	2
代名詞	だいめいし	4
代弁	だいべん	5
代理	だいり	3
代用	だいよう	5
代表	だいひょう	3
代金	だいきん	3
以上	いじょう	2
以下	いか	2
以内	いない	2
以前	いぜん	3
以外	いがい	2
以後	いご	4
以来	いらい	3
以降	いこう	4
仮名	かな	4
仮名遣い	かなづかい	4
仮定	かてい	3
仰ぐ	あおぐ	5
仲	なか	3
仲人	なこうど	5
仲直り	なかなおり	4
仲良し	なかよし	4
仲間	なかま	3
件	けん	3
任す	まかす	5
任せる	まかせる	3
任務	にんむ	5
任命	にんめい	5
企業	きぎょう	3
企画	きかく	5
休み	やすみ	1
休む	やすむ	1
休める	やすめる	5
休学	きゅうがく	5
休息	きゅうそく	3
休憩	きゅうけい	3
休戦	きゅうせん	5
休暇	きゅうか	3
休業	きゅうぎょう	4
休講	きゅうこう	4
休養	きゅうよう	4
会	かい	2
会う	あう	1
会合	かいごう	3
会員	かいいん	3
会場	かいじょう	2
会社	かいしゃ	1
会見	かいけん	5
会計	かいけい	3
会話	かいわ	2
会談	かいだん	5
会議	かいぎ	2
会議室	かいぎしつ	2
会館	かいかん	4
伜	せがれ	5
伝える	つたえる	2
伝わる	つたわる	3
伝来	でんらい	5
伝染	でんせん	4
伝統	でんとう	3
伝言	でんごん	3
伝記	でんき	4
伝説	でんせつ	5
伝達	でんたつ	5
伯母	おば	4
伯母さん	おばさん	1
伯父	おじ	4
伯父	おじさん	1
伯父さん	おじさん	4
伴う	ともなう	5
伸ばす	のばす	3
伸びる	のびる	3
伺う	うかがう	2
似る	にる	2
似合う	にあう	3
似通う	にかよう	5
但し	ただし	4
位	い	4
位	くらい	3
位置	いち	3
低	てい	4
低い	ひくい	1
低下	ていか	4
住	じゅう	3
住まい	すまい	4
住む	すむ	1
住宅	じゅうたく	3
住居	じゅうきょ	4
住所	じゅうしょ	2
住民	じゅうみん	3
体	からだ	1
体付き	からだつき	5
体制	たいせい	4
体力	たいりょく	5
体操	たいそう	4
体格	たいかく	5
体温	たいおん	3
体積	たいせき	4
体系	たいけい	4
体育	たいいく	3
体裁	ていさい	5
体重	たいじゅう	3
体験	たいけん	5
何	なに	1
何	なん	1
何々	なになに	4
何か	なにか	3
何しろ	なにしろ	4
何だか	なんだか	5
何で	なんで	3
何でも	なんでも	3
何とか	なんとか	3
何とも	なんとも	4
何分	なにぶん	4
何気ない	なにげない	5
余り	あまり	1
余る	あまる	4
余分	よぶん	3
余地	よち	5
余所	よそ	4
余所見	よそみ	5
余暇	よか	5
余程	よほど	5
余興	よきょう	5
余裕	よゆう	3
余計	よけい	4
作	さく	3
作り	つくり	5
作る	つくる	1
作品	さくひん	3
作家	さっか	3
作成	さくせい	4
作戦	さくせん	5
作文	さくぶん	1
作曲	さっきょく	3
作業	さぎょう	3
作法	さほう	3
作物	さくもつ	3
作用	さよう	5
作者	さくしゃ	4
作製	さくせい	4
使い道	つかいみち	5
使う	つかう	1
使命	しめい	5
使用	しよう	3
使用人	しようにん	5
例	れい	3
例え	たとえ	3
例えば	たとえば	2
例える	たとえる	4
例外	れいがい	3
侍	さむらい	5
供	とも	3
供給	きょうきゅう	3
依存	いぞん	5
依然	いぜん	3
依頼	いらい	3
価値	かち	3
価格	かかく	3
侮辱	ぶじょく	5
侵す	おかす	5
侵入	しんにゅう	4
侵略	しんりゃく	5
便	びん	3
便り	たより	3
便利	べんり	1
便宜	べんぎ	5
便所	べんじょ	4
便箋	びんせん	4
係	かかり	3
係わる	かかわる	4
促す	うながす	5
促進	そくしん	5
俄	にわか	4
保つ	たもつ	5
保健	ほけん	4
保存	ほぞん	3
保守	ほしゅ	5
保温	ほおん	5
保管	ほかん	5
保育	ほいく	5
保証	ほしょう	3
保護	ほご	3
保険	ほけん	5
保障	ほしょう	3
保養	ほよう	5
信じる	しんじる	3
信ずる	しんずる	4
信仰	しんこう	3
信任	しんにん	5
信号	しんごう	3
信用	しんよう	3
信者	しんじゃ	5
信頼	しんらい	3
修士	しゅうし	5
修学	しゅうがく	5
修正	しゅうせい	3
修理	しゅうり	3
修繕	しゅうぜん	4
修行	しゅぎょう	5
修飾	しゅうしょく	3
俳優	はいゆう	3
俳句	はいく	4
俺	おれ	5
倉庫	そうこ	4
個	こ	1
個々	ここ	3
個人	こじん	3
個体	こたい	4
個別	こべつ	5
個性	こせい	5
倍	ばい	2
倍率	ばいりつ	5
倒す	たおす	3
倒れる	たおれる	2
倒産	とうさん	3
候補	こうほ	3
借り	かり	3
借りる	かりる	1
借金	しゃっきん	3
倣う	ならう	4
値	あたい	5
値	ね	3
値する	あたいする	5
値引き	ねびき	5
値打ち	ねうち	5
値段	ねだん	2
倹約	けんやく	5
偉い	えらい	4
偉大	いだい	3
偏見	へんけん	5
停止	ていし	4
停滞	ていたい	5
停留所	ていりゅうじょ	3
停車	ていしゃ	4
停電	ていでん	3
健やか	すこやか	5
健全	けんぜん	5
健在	けんざい	5
健康	けんこう	3
側	がわ	1
側面	そくめん	5
偶	たま	3
偶々	たまたま	3
偶数	ぐうすう	4
偶然	ぐうぜん	3
偽造	ぎぞう	5
傍ら	かたわら	5
傑作	けっさく	4
傘	かさ	1
備える	そなえる	3
備え付ける	そなえつける	5
備わる	そなわる	5
催し	もよおし	4
催す	もよおす	5
催促	さいそく	4
傷	きず	3
傷める	いためる	3
傷付く	きずつく	5
傷付ける	きずつける	5
傾く	かたむく	4
傾ける	かたむける	5
傾らか	なだらか	4
傾向	けいこう	3
傾斜	けいしゃ	5
僅か	わずか	3
働き	はたらき	3
働く	はたらく	1
像	ぞう	3
僕	ぼく	2
僧	そう	3
儀式	ぎしき	4
億	おく	2
優	ゆう	3
優しい	やさしい	2
優れる	すぐれる	3
優位	ゆうい	5
優先	ゆうせん	5
優勝	ゆうしょう	3
優勢	ゆうせい	5
優秀	ゆうしゅう	3
優美	ゆうび	5
優越	ゆうえつ	5
儲かる	もうかる	4
儲ける	もうける	4
元	もと	3
元々	もともと	4
元年	がんねん	5
元日	がんじつ	4
元来	がんらい	5
元気	げんき	1
元素	げんそ	5
元首	げんしゅ	5
兄	あに	1
兄弟	きょうだい	1
充実	じゅうじつ	5
兆	きざし	5
兆	ちょう	4
先	さき	1
先	せん	5
先々月	せんせんげつ	4
先々週	せんせんしゅう	4
先だって	せんだって	5
先代	せんだい	5
先天的	せんてんてき	5
先日	せんじつ	3
先月	せんげつ	1
先生	せんせい	1
先着	せんちゃく	5
先祖	せんぞ	4
先程	さきほど	4
先端	せんたん	4
先行	せんこう	3
先輩	せんぱい	2
先週	せんしゅう	1
先頭	せんとう	4
光	こう	5
光	ひかり	2
光る	ひかる	2
光景	こうけい	3
光沢	こうたく	5
光熱費	こうねつひ	5
光線	こうせん	4
克服	こくふく	3
免れる	まぬがれる	5
免税	めんぜい	4
免許	めんきょ	3
免除	めんじょ	5
兎	うさぎ	3
児童	じどう	3
党	とう	3
入る	はいる	1
入れる	いれる	1
入れ物	いれもの	4
入口	いりぐち	1
入場	にゅうじょう	3
入学	にゅうがく	2
入手	にゅうしゅ	5
入浴	にゅうよく	5
入社	にゅうしゃ	4
入賞	にゅうしょう	5
入院	にゅういん	2
全	ぜん	3
全く	まったく	3
全て	すべて	3
全体	ぜんたい	3
全力	ぜんりょく	4
全員	ぜんいん	3
全国	ぜんこく	3
全快	ぜんかい	5
全滅	ぜんめつ	5
全然	ぜんぜん	2
全盛	ぜんせい	5
全般	ぜんぱん	4
全身	ぜんしん	3
全部	ぜんぶ	1
全集	ぜんしゅう	4
八	はち	1
八つ	やっつ	1
八日	ようか	1
八百屋	やおや	1
公	おおやけ	5
公共	こうきょう	4
公務	こうむ	4
公務員	こうむいん	2
公募	こうぼ	5
公団	こうだん	5
公園	こうえん	1
公害	こうがい	4
公平	こうへい	3
公式	こうしき	4
公正	こうせい	3
公演	こうえん	3
公然	こうぜん	5
公用	こうよう	5
公立	こうりつ	5
公衆	こうしゅう	4
公表	こうひょう	4
公認	こうにん	5
六	ろく	1
六つ	むっつ	1
六日	むいか	1
共に	ともに	3
共働き	ともばたらき	5
共同	きょうどう	3
共和	きょうわ	5
共存	きょうぞん	5
共学	きょうがく	5
共感	きょうかん	5
共産	きょうさん	4
共稼ぎ	ともかせぎ	5
共通	きょうつう	3
共鳴	きょうめい	5
兵器	へいき	5
兵士	へいし	5
兵隊	へいたい	4
具える	そなえる	3
具わる	そなわる	5
具体	ぐたい	3
具合	ぐあい	2
典型	てんけい	3
兼ねる	かねる	4
兼業	けんぎょう	5
兼用	けんよう	5
内	うち	2
内	ない	4
内乱	ないらん	5
内容	ないよう	3
内心	ないしん	5
内科	ないか	4
内緒	ないしょ	5
内線	ないせん	4
内蔵	ないぞう	5
内訳	うちわけ	5
内部	ないぶ	5
内閣	ないかく	5
内陸	ないりく	5
円	えん	1
円	まる	3
円い	まるい	1
円周	えんしゅう	4
円満	えんまん	5
円滑	えんかつ	5
冊	さつ	1
再	さい	4
再び	ふたたび	3
再三	さいさん	4
再会	さいかい	5
再建	さいけん	5
再来月	さらいげつ	2
再来週	さらいしゅう	2
再現	さいげん	5
再生	さいせい	5
再発	さいはつ	5
冒険	ぼうけん	3
冒頭	ぼうとう	5
冗談	じょうだん	3
写し	うつし	5
写す	うつす	2
写る	うつる	3
写生	しゃせい	4
写真	しゃしん	1
冠	かんむり	4
冬	ふゆ	1
冬眠	とうみん	5
冴える	さえる	5
冷える	ひえる	2
冷たい	つめたい	1
冷ます	さます	3
冷める	さめる	3
冷やかす	ひやかす	5
冷やす	ひやす	3
冷凍	れいとう	4
冷房	れいぼう	2
冷淡	れいたん	5
冷蔵	れいぞう	5
冷蔵庫	れいぞうこ	1
冷酷	れいこく	5
冷静	れいせい	3
凄い	すごい	2
凌ぐ	しのぐ	5
凍える	こごえる	4
凍る	こおる	3
凝らす	こらす	5
凝る	こる	5
几帳面	きちょうめん	5
処分	しょぶん	5
処理	しょり	3
処置	しょち	5
処罰	しょばつ	5
凭れる	もたれる	4
凶作	きょうさく	5
凸凹	でこぼこ	4
凹む	へこむ	4
出	で	3
出かける	でかける	1
出くわす	でくわす	5
出す	だす	1
出る	でる	1
出世	しゅっせ	5
出会い	であい	3
出会う	であう	3
出入り	でいり	4
出入り口	でいりぐち	4
出入口	でいりぐち	4
出動	しゅつどう	5
出勤	しゅっきん	4
出口	でぐち	1
出合い	であい	3
出品	しゅっぴん	5
出場	しゅつじょう	3
出席	しゅっせき	2
出張	しゅっちょう	4
出来上がり	できあがり	4
出来上がる	できあがる	4
出来事	できごと	3
出演	しゅつえん	5
出版	しゅっぱん	3
出現	しゅつげん	5
出生	しゅっしょう	5
出生	しゅっせい	5
出産	しゅっさん	5
出発	しゅっぱつ	2
出直し	でなおし	5
出社	しゅっしゃ	5
出血	しゅっけつ	5
出費	しゅっぴ	5
出身	しゅっしん	3
出迎え	でむかえ	4
出迎える	でむかえる	4
出題	しゅつだい	5
刀	かたな	3
刃	は	5
分	ふん	1
分	ぶ	3
分	ぶん	3
分かる	わかる	1
分かれる	わかれる	3
分ける	わける	3
分子	ぶんし	5
分布	ぶんぷ	4
分担	ぶんたん	5
分散	ぶんさん	5
分数	ぶんすう	4
分析	ぶんせき	3
分業	ぶんぎょう	5
分母	ぶんぼ	5
分裂	ぶんれつ	5
分解	ぶんかい	4
分配	ぶんぱい	5
分野	ぶんや	3
分量	ぶんりょう	4
分離	ぶんり	5
分類	ぶんるい	4
切っ掛け	きっかけ	4
切ない	せつない	5
切り	きり	3
切る	きる	1
切れ	きれ	3
切れる	きれる	3
切れ目	きれめ	5
切実	せつじつ	5
切手	きって	1
切替	きりかえ	5
切符	きっぷ	1
切開	せっかい	5
刈る	かる	3
刊	かん	4
刊行	かんこう	3
刑	けい	3
刑事	けいじ	3
刑罰	けいばつ	5
列	れつ	3
列島	れっとう	4
列車	れっしゃ	3
初	しょ	4
初め	はじめ	1
初めて	はじめて	1
初めに	はじめに	4
初旬	しょじゅん	4
初歩	しょほ	4
初版	しょはん	5
初級	しょきゅう	4
初耳	はつみみ	5
判	はん	3
判事	はんじ	4
判子	はんこ	4
判定	はんてい	5
判断	はんだん	3
判決	はんけつ	5
別	べつ	2
別々	べつべつ	4
別に	べつに	3
別れ	わかれ	3
別れる	わかれる	2
別荘	べっそう	4
利口	りこう	3
利子	りし	5
利害	りがい	4
利息	りそく	5
利潤	りじゅん	5
利点	りてん	5
利用	りよう	2
利益	りえき	3
到底	とうてい	5
到着	とうちゃく	3
到達	とうたつ	5
制する	せいする	5
制作	せいさく	4
制定	せいてい	5
制度	せいど	3
制服	せいふく	5
制約	せいやく	5
制裁	せいさい	5
制限	せいげん	3
刷る	する	3
券	けん	3
刺さる	ささる	3
刺す	さす	3
刺激	しげき	3
刺繍	ししゅう	5
刺身	さしみ	4
刻む	きざむ	4
剃る	そる	4
剃刀	かみそり	4
削る	けずる	4
削減	さくげん	5
削除	さくじょ	4
前	ぜん	4
前	まえ	1
前もって	まえもって	3
前例	ぜんれい	5
前売	まえうり	5
前後	ぜんご	4
前提	ぜんてい	5
前置き	まえおき	5
前者	ぜんしゃ	3
前途	ぜんと	5
前進	ぜんしん	3
剥がす	はがす	4
剥く	むく	3
剥ぐ	はぐ	5
剥げる	はげる	5
剥す	はがす	4
副	とりわけ	5
副	ふく	4
副詞	ふくし	4
割	わり	5
割と	わりと	4
割る	わる	3
割れる	われる	2
割合	わりあい	2
割合に	わりあいに	4
割引	わりびき	4
割当	わりあて	5
割算	わりざん	4
割込む	わりこむ	5
創作	そうさく	4
創刊	そうかん	5
創立	そうりつ	5
創造	そうぞう	3
劇	げき	3
劇団	げきだん	5
劇場	げきじょう	3
力	ちから	2
力	りょく	4
力強い	ちからづよい	4
功績	こうせき	4
加える	くわえる	3
加わる	くわわる	3
加入	かにゅう	5
加味	かみ	3
加工	かこう	5
加減	かげん	3
加熱	かねつ	4
加速	かそく	4
加速度	かそくど	4
劣る	おとる	3
助かる	たすかる	3
助け	たすけ	5
助ける	たすける	3
助動詞	じょどうし	5
助手	じょしゅ	3
助教授	じょきょうじゅ	4
助言	じょげん	5
助詞	じょし	3
努めて	つとめて	5
努める	つとめる	4
努力	どりょく	3
励ます	はげます	5
励む	はげむ	5
労働	ろうどう	3
労力	ろうりょく	5
効き目	ききめ	5
効く	きく	3
効力	こうりょく	4
効果	こうか	3
効率	こうりつ	5
勇ましい	いさましい	4
勇敢	ゆうかん	5
勇気	ゆうき	3
勉強	べんきょう	1
動かす	うごかす	3
動き	うごき	5
動く	うごく	2
動作	どうさ	4
動力	どうりょく	5
動向	どうこう	5
動員	どういん	5
動揺	どうよう	3
動機	どうき	5
動物	どうぶつ	1
動物園	どうぶつえん	2
動的	どうてき	5
動詞	どうし	3
勘	かん	3
勘定	かんじょう	3
勘弁	かんべん	5
勘違い	かんちがい	4
務まる	つとまる	5
務め	つとめ	3
務める	つとめる	4
勝	しょう	4
勝ち	かち	3
勝つ	かつ	2
勝る	まさる	5
勝利	しょうり	5
勝手	かって	5
勝手に	かってに	4
勝敗	しょうはい	4
勝負	しょうぶ	4
募る	つのる	5
募金	ぼきん	5
募集	ぼしゅう	4
勢い	いきおい	3
勢力	せいりょく	5
勤め	つとめ	3
勤める	つとめる	1
勤め先	つとめさき	5
勤労	きんろう	5
勤勉	きんべん	5
勤務	きんむ	5
勧める	すすめる	3
勧告	かんこく	5
勧誘	かんゆう	5
匂い	におい	2
匂う	におう	4
包み	つつみ	3
包む	つつむ	2
包丁	ほうちょう	4
包帯	ほうたい	4
包装	ほうそう	3
化	か	4
化ける	ばける	5
化合	かごう	5
化学	かがく	3
化石	かせき	5
化粧	けしょう	3
化繊	かせん	5
北	きた	1
北極	ほっきょく	4
匙	さじ	4
匹	ひき	1
匹敵	ひってき	5
区	く	2
区分	くぶん	4
区切り	くぎり	5
区切る	くぎる	4
区別	くべつ	3
区域	くいき	4
区画	くかく	5
区間	くかん	5
医学	いがく	2
医師	いし	3
医療	いりょう	3
医者	いしゃ	1
医院	いいん	3
十	じゅう	1
十	とお	1
十分	じゅうぶん	2
十字路	じゅうじろ	5
十日	とおか	1
千	せん	1
午前	ごぜん	1
午後	ごご	1
半	はん	1
半ば	なかば	3
半分	はんぶん	1
半島	はんとう	4
半径	はんけい	4
半端	はんぱ	5
卑しい	いやしい	5
卑怯	ひきょう	4
卒業	そつぎょう	2
卒直	そっちょく	4
協会	きょうかい	5
協力	きょうりょく	3
協定	きょうてい	5
協調	きょうちょう	3
協議	きょうぎ	3
南	みなみ	1
南北	なんぼく	4
南極	なんきょく	4
南米	なんべい	4
単なる	たんなる	3
単に	たんに	3
単一	たんいつ	5
単位	たんい	3
単数	たんすう	4
単独	たんどく	5
単純	たんじゅん	3
単語	たんご	3
単調	たんちょう	5
博士	はかせ	3
博物館	はくぶつかん	3
占う	うらなう	4
占める	しめる	3
占領	せんりょう	5
印	しるし	3
印刷	いんさつ	3
印象	いんしょう	3
印鑑	いんかん	5
危うい	あやうい	4
危ない	あぶない	1
危ぶむ	あやぶむ	5
危害	きがい	5
危機	きき	5
危険	きけん	2
即する	そくする	5
即座に	そくざに	5
却って	かえって	4
卵	たまご	1
卸す	おろす	3
厄介	やっかい	3
厚い	あつい	1
厚かましい	あつかましい	4
原	はら	3
原っぱ	はらっぱ	5
原作	げんさく	5
原典	げんてん	5
原則	げんそく	5
原因	げんいん	2
原型	げんけい	5
原始	げんし	4
原子	げんし	5
原形	げんけい	5
原文	げんぶん	5
原料	げんりょう	4
原書	げんしょ	5
原油	げんゆ	5
原点	げんてん	5
原爆	げんばく	5
原理	げんり	4
原産	げんさん	4
原稿	げんこう	4
厳か	おごそか	5
厳しい	きびしい	2
厳密	げんみつ	5
厳重	げんじゅう	4
去る	さる	3
去年	きょねん	1
参る	まいる	2
参上	さんじょう	5
参加	さんか	3
参照	さんしょう	5
参考	さんこう	3
参議院	さんぎいん	5
及び	および	5
及ぶ	およぶ	5
及ぼす	およぼす	3
友	とも	3
友人	ゆうじん	3
友好	ゆうこう	3
友情	ゆうじょう	3
友達	ともだち	1
双子	ふたご	3
反	はん	4
反する	はんする	5
反る	かえる	3
反る	そる	5
反乱	はんらん	5
反対	はんたい	2
反射	はんしゃ	5
反応	はんのう	5
反感	はんかん	5
反抗	はんこう	3
反撃	はんげき	5
反映	はんえい	4
反発	はんぱつ	5
反省	はんせい	3
反響	はんきょう	5
収まる	おさまる	5
収める	おさめる	3
収入	しゅうにゅう	3
収容	しゅうよう	5
収支	しゅうし	5
収益	しゅうえき	5
収穫	しゅうかく	3
収集	しゅうしゅう	5
叔母	おば	4
叔母さん	おばさん	1
叔父	おじ	4
叔父さん	おじさん	1
取り上げる	とりあげる	3
取り付ける	とりつける	5
取り入れる	とりいれる	4
取り出す	とりだす	4
取り寄せる	とりよせる	5
取り巻く	とりまく	5
取り戻す	とりもどす	5
取り扱う	とりあつかう	5
取り替え	とりかえ	5
取り替える	とりかえる	2
取り次ぐ	とりつぐ	5
取り消す	とりけす	4
取り混ぜる	とりまぜる	5
取り立てる	とりたてる	5
取り組む	とりくむ	5
取り締まる	とりしまる	5
取り調べる	とりしらべる	5
取り除く	とりのぞく	5
取る	とる	1
取れる	とれる	3
取引	とりひき	5
取扱	とりあつかい	5
取材	しゅざい	5
取締り	とりしまり	5
受かる	うかる	5
受ける	うける	2
受け付ける	うけつける	5
受け入れ	うけいれ	5
受け入れる	うけいれる	5
受け取る	うけとる	3
受け持つ	うけもつ	4
受け止める	うけとめる	5
受け継ぐ	うけつぐ	5
受付	うけつけ	2
受取	うけとり	4
受持ち	うけもち	5
受話器	じゅわき	4
受身	うけみ	5
受験	じゅけん	4
口	くち	1
口吟む	くちずさむ	5
口実	こうじつ	4
口紅	くちべに	4
口述	こうじゅつ	5
口頭	こうとう	5
古	ふる	4
古い	ふるい	1
古代	こだい	5
古典	こてん	4
古里	ふるさと	4
句	く	3
句読点	くとうてん	4
叩く	たたく	3
叩く	はたく	5
只	ただ	3
叫び	さけび	5
叫ぶ	さけぶ	3
召し上がる	めしあがる	2
召す	めす	5
可	か	3
可愛い	かわいい	1
可愛がる	かわいがる	4
可愛そう	かわいそう	3
可愛らしい	かわいらしい	3
可決	かけつ	4
可能	かのう	3
台	だい	1
台所	だいどころ	1
台本	だいほん	5
台無し	だいなし	5
台詞	せりふ	4
台風	たいふう	2
叱る	しかる	2
史	し	4
右	みぎ	1
叶う	かなう	5
叶える	かなえる	5
号	ごう	4
司る	つかさどる	5
司会	しかい	4
司法	しほう	5
各	かく	4
各々	おのおの	4
各地	かくち	4
各種	かくしゅ	5
各自	かくじ	4
合う	あう	2
合せ	あわせ	5
合わす	あわす	5
合わせる	あわせる	3
合併	がっぺい	5
合同	ごうどう	4
合唱	がっしょう	5
合図	あいず	3
合意	ごうい	5
合成	ごうせい	5
合格	ごうかく	3
合流	ごうりゅう	4
合理	ごうり	4
合致	がっち	5
合計	ごうけい	3
合議	ごうぎ	5
合間	あいま	5
吊す	つるす	4
吊り革	つりかわ	5
吊る	つる	4
同	どう	4
同い年	おないどし	5
同じ	おなじ	1
同一	どういつ	3
同僚	どうりょう	3
同士	どうし	3
同封	どうふう	5
同居	どうきょ	5
同志	どうし	3
同情	どうじょう	5
同意	どうい	5
同感	どうかん	5
同時	どうじ	3
同格	どうかく	4
同様	どうよう	3
同盟	どうめい	5
同等	どうとう	5
同級	どうきゅう	5
同調	どうちょう	5
名	な	3
名	めい	4
名人	めいじん	3
名付ける	なづける	5
名作	めいさく	4
名刺	めいし	3
名前	なまえ	1
名字	みょうじ	4
名所	めいしょ	4
名札	なふだ	5
名残	なごり	5
名物	めいぶつ	4
名産	めいさん	5
名称	めいしょう	5
名簿	めいぼ	5
名詞	めいし	3
名誉	めいよ	5
名高い	なだかい	5
吐き気	はきけ	4
吐く	はく	3
向かい	むかい	3
向かう	むかう	2
向く	むく	3
向け	むけ	4
向ける	むける	3
向こう	むこう	1
向上	こうじょう	5
君	きみ	2
君	くん	2
君主	くんしゅ	5
吟味	ぎんみ	5
吠える	ほえる	3
否	いや	3
否定	ひてい	3
否決	ひけつ	5
含む	ふくむ	3
含める	ふくめる	3
吸う	すう	1
吸収	きゅうしゅう	3
吹く	ふく	1
吹奏	すいそう	5
吹雪	ふぶき	4
呆れる	あきれる	4
呆気ない	あっけない	5
呆然	ぼうぜん	5
告げる	つげる	5
告白	こくはく	5
呑気	のんき	4
呟く	つぶやく	5
周り	まわり	2
周囲	しゅうい	3
周期	しゅうき	5
周辺	しゅうへん	4
味	あじ	2
味	み	5
味わい	あじわい	5
味わう	あじわう	4
味噌	みそ	2
味方	みかた	3
味覚	みかく	5
呼び出す	よびだす	4
呼び掛ける	よびかける	4
呼び止める	よびとめる	5
呼ぶ	よぶ	1
呼吸	こきゅう	3
命	いのち	3
命じる	めいじる	3
命ずる	めいずる	4
命中	めいちゅう	5
命令	めいれい	3
和	わ	4
和やか	なごやか	5
和らげる	やわらげる	5
和文	わぶん	5
和服	わふく	4
和英	わえい	4
咥える	くわえる	3
咲く	さく	1
咳	せき	3
哀れ	あわれ	3
品	しな	3
品	ひん	3
品物	しなもの	2
品種	ひんしゅ	5
品質	ひんしつ	5
員	いん	2
哲学	てつがく	3
唇	くちびる	4
唯	ただ	3
唯	たった	3
唯一	ゆいいつ	3
唱える	となえる	5
唾	つば	5
商	しょう	4
商人	しょうにん	3
商品	しょうひん	3
商売	しょうばい	3
商店	しょうてん	4
商業	しょうぎょう	4
商社	しょうしゃ	4
問	もん	4
問い	とい	3
問い合わせ	といあわせ	4
問い合わせる	といあわせる	5
問う	とう	3
問屋	とんや	5
問答	もんどう	4
問題	もんだい	1
善	ぜん	3
善し悪し	よしあし	5
善良	ぜんりょう	5
喉	のど	2
喜び	よろこび	3
喜ぶ	よろこぶ	2
喜劇	きげき	5
喧しい	やかましい	4
喫茶店	きっさてん	1
営	えい	5
営む	いとなむ	5
営業	えいぎょう	3
嗅ぐ	かぐ	3
嗜好	しこう	5
嘆く	なげく	5
嘗める	なめる	5
嘘	うそ	2
嘘つき	うそつき	5
嘲笑う	あざわらう	5
嘴	くちばし	5
噂	うわさ	3
噛み切る	かみきる	5
噛む	かむ	2
器	うつわ	5
器	き	4
器具	きぐ	4
器官	きかん	3
器械	きかい	3
器用	きよう	3
噴出	ふんしゅつ	5
噴水	ふんすい	4
噴火	ふんか	4
囁く	ささやく	4
四	し	1
四	よん	3
四つ	よっつ	1
四つ角	よつかど	4
四季	しき	3
四捨五入	ししゃごにゅう	4
四日	よっか	1
四角	しかく	3
四角い	しかくい	4
回	かい	1
回す	まわす	2
回り道	まわりみち	4
回る	まわる	2
回収	かいしゅう	5
回復	かいふく	3
回数	かいすう	4
回数券	かいすうけん	4
回答	かいとう	4
回覧	かいらん	5
回路	かいろ	5
回転	かいてん	4
回送	かいそう	5
因る	よる	3
団	だん	4
団体	だんたい	3
団地	だんち	4
団扇	うちわ	5
団結	だんけつ	5
困る	こまる	1
困難	こんなん	3
囲む	かこむ	3
図	ず	3
図々しい	ずうずうしい	4
図る	はかる	3
図形	ずけい	4
図書	としょ	3
図書館	としょかん	1
図表	ずひょう	4
図鑑	ずかん	4
固い	かたい	2
固まる	かたまる	4
固める	かためる	5
固定	こてい	5
固有	こゆう	5
国	くに	1
国	こく	4
国交	こっこう	5
国会	こっかい	3
国境	こっきょう	3
国定	こくてい	5
国家	こっか	3
国有	こくゆう	5
国民	こくみん	3
国王	こくおう	4
国産	こくさん	5
国立	こくりつ	4
国籍	こくせき	3
国語	こくご	3
国連	こくれん	5
国防	こくぼう	5
国際	こくさい	2
圏	けん	4
園	えん	4
園芸	えんげい	4
土	つち	3
土俵	どひょう	5
土台	どだい	5
土地	とち	3
土手	どて	5
土曜日	どようび	1
土木	どぼく	5
土産	みやげ	3
圧倒	あっとう	5
圧力	あつりょく	5
圧縮	あっしゅく	4
圧迫	あっぱく	5
在る	ある	1
在学	ざいがく	4
在庫	ざいこ	5
地	ち	3
地下	ちか	3
地下水	ちかすい	4
地下鉄	ちかてつ	1
地主	じぬし	5
地位	ちい	3
地元	じもと	5
地区	ちく	3
地名	ちめい	4
地味	じみ	3
地図	ちず	1
地域	ちいき	3
地帯	ちたい	4
地平線	ちへいせん	3
地形	ちけい	5
地方	ちほう	3
地点	ちてん	4
地獄	じごく	5
地球	ちきゅう	3
地理	ちり	2
地盤	じばん	4
地質	ちしつ	4
地震	じしん	2
地面	じめん	4
坂	さか	2
均衡	きんこう	5
坊さん	ぼうさん	4
坊っちゃん	ぼっちゃん	4
坊や	ぼうや	4
垂れる	たれる	5
垂直	すいちょく	4
型	かた	3
垢	あか	5
垣根	かきね	4
埃	ほこり	3
埋まる	うまる	3
埋める	うずめる	5
埋める	うめる	3
埋め込む	うめこむ	5
埋蔵	まいぞう	5
城	しろ	3
城下	じょうか	5
執着	しゅうじゃく	5
執着	しゅうちゃく	5
執筆	しっぴつ	4
基	もと	3
基づく	もとづく	3
基地	きち	4
基本	きほん	3
基準	きじゅん	4
基盤	きばん	4
基礎	きそ	4
基金	ききん	5
堀	ほり	3
堂々	どうどう	5
堅	かたい	2
堅い	かたい	3
堤防	ていぼう	5
堪える	こらえる	4
堪える	たえる	5
報じる	ほうじる	5
報ずる	ほうずる	5
報告	ほうこく	3
報道	ほうどう	5
報酬	ほうしゅう	5
場	じょう	4
場	ば	3
場合	ばあい	2
場所	ばしょ	2
場面	ばめん	3
塀	へい	3
塊	かたまり	4
塔	とう	3
塗る	ぬる	2
塞がる	ふさがる	4
塞ぐ	ふさぐ	4
塩	しお	1
塩辛	しおから	4
塩辛い	しおからい	4
塵	ごみ	3
塵	ちり	5
塵取り	ちりとり	5
塵紙	ちりがみ	4
塾	じゅく	5
境	さかい	3
境界	きょうかい	4
境遇	きょうぐう	5
墓	はか	3
墓地	ぼち	5
増える	ふえる	2
増し	まし	5
増す	ます	3
増やす	ふやす	3
増加	ぞうか	3
増大	ぞうだい	4
増強	ぞうきょう	5
増減	ぞうげん	4
増進	ぞうしん	5
墜落	ついらく	5
墨	すみ	3
壁	かべ	2
壊す	こわす	2
壊れる	こわれる	2
壮大	そうだい	5
声	こえ	1
声明	せいめい	3
売り上げ	うりあげ	4
売り出し	うりだし	5
売り出す	うりだす	5
売り切れ	うりきれ	4
売り切れる	うりきれる	4
売り場	うりば	2
売る	うる	1
売れる	うれる	3
売れ行き	うれゆき	4
売上	うりあげ	4
売店	ばいてん	4
売行き	うれゆき	4
売買	ばいばい	4
壷	つぼ	5
変	へん	2
変える	かえる	2
変わる	かわる	2
変動	へんどう	5
変化	へんか	3
変更	へんこう	3
変遷	へんせん	5
変革	へんかく	5
夏	なつ	1
夏休み	なつやすみ	1
夕刊	ゆうかん	4
夕方	ゆうがた	1
夕日	ゆうひ	4
夕暮れ	ゆうぐれ	5
夕焼け	ゆうやけ	5
夕立	ゆうだち	4
夕飯	ゆうはん	1
外	がい	4
外	そと	1
外	ほか	1
外す	はずす	3
外れる	はずれる	3
外交	がいこう	3
外出	がいしゅつ	3
外国	がいこく	1
外国人	がいこくじん	1
外方	そっぽ	5
外来	がいらい	5
外相	がいしょう	5
外科	げか	4
外観	がいかん	5
外貨	がいか	5
外部	がいぶ	4
多い	おおい	1
多分	たぶん	1
多少	たしょう	3
多忙	たぼう	5
多数決	たすうけつ	5
多様	たよう	5
夜	や	4
夜	よ	3
夜	よる	1
夜中	よなか	3
夜具	やぐ	5
夜明け	よあけ	3
夜更け	よふけ	5
夜更し	よふかし	5
夜行	やこう	4
夜間	やかん	4
夢	ゆめ	2
夢中	むちゅう	3
大	だい	3
大いに	おおいに	3
大きい	おおきい	1
大きな	おおきな	1
大した	たいした	3
大して	たいして	4
大丈夫	だいじょうぶ	1
大事	だいじ	2
大人	おとな	1
大人しい	おとなしい	3
大会	たいかい	3
大体	だいたい	2
大使	たいし	3
大使館	たいしかん	1
大便	だいべん	5
大凡	おおよそ	4
大分	だいぶ	2
大分	だいぶん	4
大切	たいせつ	1
大勢	おおぜい	1
大半	たいはん	3
大変	たいへん	1
大好き	だいすき	1
大学	だいがく	1
大学生	だいがくせい	2
大学院	だいがくいん	4
大家	おおや	3
大家	たいか	5
大小	だいしょう	4
大層	たいそう	4
大工	だいく	4
大幅	おおはば	5
大戦	たいせん	3
大抵	たいてい	2
大方	おおかた	5
大木	たいぼく	4
大柄	おおがら	5
大概	たいがい	5
大気	たいき	3
大水	おおみず	5
大空	おおぞら	5
大筋	おおすじ	5
大統領	だいとうりょう	3
大胆	だいたん	5
大臣	だいじん	3
大衆	たいしゅう	5
大通り	おおどおり	4
大部	たいぶ	5
大部分	だいぶぶん	3
大金	たいきん	5
大陸	たいりく	3
天	てん	5
天下	てんか	5
天体	てんたい	5
天候	てんこう	3
天国	てんごく	5
天地	てんち	5
天才	てんさい	5
天気	てんき	1
天気予報	てんきよほう	2
天災	てんさい	5
天然	てんねん	3
天皇	てんのう	4
太い	ふとい	1
太る	ふとる	2
太陽	たいよう	3
太鼓	たいこ	4
夫	おっと	2
夫人	ふじん	3
夫妻	ふさい	4
夫婦	ふうふ	3
失う	うしなう	3
失恋	しつれん	4
失敗	しっぱい	2
失望	しつぼう	3
失格	しっかく	5
失業	しつぎょう	3
失礼	しつれい	2
失脚	しっきゃく	5
失調	しっちょう	5
奇妙	きみょう	3
奉る	たてまつる	5
奉仕	ほうし	5
契機	けいき	3
契約	けいやく	3
奥	おく	3
奥さん	おくさん	1
奨励	しょうれい	5
奨学金	しょうがくきん	3
奪う	うばう	3
奮闘	ふんとう	5
女	おんな	1
女	じょ	4
女の人	おんなのひと	4
女の子	おんなのこ	1
女優	じょゆう	3
女史	じょし	3
女子	じょし	3
女性	じょせい	2
女房	にょうぼう	4
女王	じょおう	3
奴	やつ	5
好き	すき	1
好き好き	すきずき	4
好き嫌い	すききらい	4
好ましい	このましい	5
好み	このみ	3
好む	このむ	3
好意	こうい	5
好況	こうきょう	5
好評	こうひょう	5
好調	こうちょう	5
妊娠	にんしん	5
妙	みょう	3
妥協	だきょう	5
妥当	だとう	4
妥結	だけつ	5
妨げる	さまたげる	4
妨害	ぼうがい	5
妬む	ねたむ	5
妹	いもうと	1
妻	つま	2
姉	あね	1
姉妹	しまい	3
始まり	はじまり	3
始まる	はじまる	1
始め	はじめ	1
始めに	はじめに	4
始める	はじめる	2
始末	しまつ	5
始発	しはつ	5
始終	しじゅう	4
姓	せい	3
姓名	せいめい	3
委員	いいん	3
委託	いたく	5
姪	めい	4
姿	すがた	3
姿勢	しせい	4
威力	いりょく	5
威張る	いばる	4
娘	むすめ	2
娯楽	ごらく	4
婉曲	えんきょく	5
婚約	こんやく	3
婦人	ふじん	3
婿	むこ	5
嫁	よめ	3
嫉妬	しっと	5
嫌	いや	1
嫌々	いやいや	5
嫌い	きらい	1
嫌う	きらう	3
嫌がる	いやがる	4
嬉しい	うれしい	2
嬢	じょう	5
子	こ	2
子供	こども	1
子孫	しそん	4
子息	しそく	5
字	じ	2
字体	じたい	3
字引	じびき	1
存じる	ぞんじる	4
存ずる	ぞんずる	4
存在	そんざい	3
存続	そんぞく	5
孝行	こうこう	4
季刊	きかん	3
季節	きせつ	2
孤児	こじ	5
孤独	こどく	5
孤立	こりつ	5
学	がく	3
学ぶ	まなぶ	3
学会	がっかい	4
学力	がくりょく	4
学問	がくもん	3
学士	がくし	5
学年	がくねん	4
学期	がっき	3
学校	がっこう	1
学歴	がくれき	3
学生	がくせい	1
学科	がっか	4
学級	がっきゅう	4
学習	がくしゅう	3
学者	がくしゃ	3
学芸	がくげい	5
学術	がくじゅつ	4
学説	がくせつ	5
学部	がくぶ	2
孫	まご	3
宅	たく	3
宇宙	うちゅう	3
守る	まもる	3
守備	しゅび	5
守衛	しゅえい	5
安い	やすい	1
安っぽい	やすっぽい	5
安全	あんぜん	2
安定	あんてい	3
安心	あんしん	2
安易	あんい	4
安静	あんせい	5
完ぺき	かんぺき	5
完了	かんりょう	3
完全	かんぜん	3
完成	かんせい	3
宗	しゅう	5
宗教	しゅうきょう	3
官僚	かんりょう	3
官庁	かんちょう	4
宙返り	ちゅうがえり	5
定まる	さだまる	5
定める	さだめる	5
定休日	ていきゅうび	4
定価	ていか	4
定員	ていいん	4
定年	ていねん	5
定期	ていき	3
定期券	ていきけん	4
定義	ていぎ	5
定規	じょうぎ	4
定食	ていしょく	5
宛	あて	5
宛てる	あてる	3
宛名	あてな	4
宝	たから	3
宝石	ほうせき	3
実	じつ	5
実	み	3
実に	じつに	3
実は	じつは	3
実る	みのる	4
実例	じつれい	4
実力	じつりょく	3
実家	じっか	5
実感	じっかん	4
実態	じったい	5
実施	じっし	3
実業家	じつぎょうか	5
実物	じつぶつ	4
実現	じつげん	3
実用	じつよう	4
実績	じっせき	4
実習	じっしゅう	4
実行	じっこう	3
実費	じっぴ	5
実践	じっせん	5
実際	じっさい	3
実験	じっけん	3
客	きゃく	2
客席	きゃくせき	4
客観	きゃっかん	5
客間	きゃくま	4
宣伝	せんでん	3
宣教	せんきょう	5
宣言	せんげん	5
室	しつ	4
宮殿	きゅうでん	5
害	がい	3
害する	がいする	5
宴会	えんかい	4
家	いえ	1
家	か	2
家	け	4
家主	やぬし	4
家事	かじ	3
家具	かぐ	3
家内	かない	2
家出	いえで	5
家屋	かおく	4
家庭	かてい	1
家族	かぞく	1
家来	けらい	5
家畜	かちく	5
家計	かけい	5
家賃	やちん	3
容器	ようき	3
容易	ようい	3
容積	ようせき	4
宿	やど	3
宿命	しゅくめい	5
宿泊	しゅくはく	3
宿題	しゅくだい	1
寂しい	さびしい	2
寄せる	よせる	3
寄り	より	5
寄り掛かる	よりかかる	5
寄る	よる	2
寄与	きよ	5
寄付	きふ	3
寄贈	きぞう	5
密	みつ	3
密か	ひそか	5
密度	みつど	5
密接	みっせつ	5
密集	みっしゅう	5
富	とみ	5
富む	とむ	5
富豪	ふごう	5
寒い	さむい	1
寒帯	かんたい	4
寒気	さむけ	5
寛容	かんよう	5
寝かせる	ねかせる	5
寝る	ねる	1
寝台	しんだい	4
寝坊	ねぼう	2
寝巻	ねまき	4
寝間着	ねまき	4
察する	さっする	5
寧ろ	むしろ	3
審判	しんぱん	3
審査	しんさ	5
審議	しんぎ	5
寮	りょう	3
寸法	すんぽう	4
寺	じ	4
寺	てら	2
寺院	じいん	4
対	たい	3
対	つい	3
対する	たいする	3
対処	たいしょ	5
対応	たいおう	5
対抗	たいこう	5
対比	たいひ	5
対決	たいけつ	5
対照	たいしょう	3
対立	たいりつ	4
対等	たいとう	5
対策	たいさく	4
対話	たいわ	5
対談	たいだん	5
対象	たいしょう	3
対面	たいめん	5
寿命	じゅみょう	4
封	ふう	5
封建	ほうけん	5
封筒	ふうとう	1
封鎖	ふうさ	5
専ら	もっぱら	5
専修	せんしゅう	5
専制	せんせい	4
専攻	せんこう	3
専用	せんよう	5
専門	せんもん	2
射す	さす	3
将来	しょうらい	2
将棋	しょうぎ	4
尊い	とうとい	5
尊ぶ	とうとぶ	5
尊敬	そんけい	3
尊重	そんちょう	3
尋ねる	たずねる	2
導く	みちびく	5
導入	どうにゅう	5
小	こ	4
小	しょう	3
小さい	ちいさい	1
小さな	ちいさな	1
小便	しょうべん	4
小児科	しょうにか	5
小切手	こぎって	5
小包	こづつみ	3
小売	こうり	5
小学校	しょうがっこう	2
小学生	しょうがくせい	4
小屋	こや	3
小指	こゆび	4
小数	しょうすう	4
小柄	こがら	5
小母さん	おばさん	4
小父さん	おじさん	4
小説	しょうせつ	2
小遣い	こづかい	4
小銭	こぜに	3
小鳥	ことり	2
小麦	こむぎ	3
少々	しょうしょう	3
少し	すこし	1
少しも	すこしも	3
少ない	すくない	1
少なくとも	すくなくとも	4
少女	しょうじょ	3
少年	しょうねん	3
尖る	とがる	4
尤も	もっとも	3
就く	つく	3
就任	しゅうにん	4
就業	しゅうぎょう	5
就職	しゅうしょく	3
尻	しり	3
尽きる	つきる	5
尽くす	つくす	5
尾	お	3
尿	にょう	5
局	きょく	3
局限	きょくげん	5
居る	いる	1
居住	きょじゅう	5
居眠り	いねむり	3
居間	いま	3
屈折	くっせつ	5
届	とどけ	5
届く	とどく	3
届ける	とどける	2
屋	や	1
屋上	おくじょう	2
屋外	おくがい	4
屋敷	やしき	5
屋根	やね	3
屎尿	しにょう	5
屑	くず	4
展望	てんぼう	5
展示	てんじ	5
展覧会	てんらんかい	2
展開	てんかい	4
属する	ぞくする	4
履歴	りれき	5
山	さん	4
山	やま	1
山岳	さんがく	5
山林	さんりん	4
山脈	さんみゃく	5
山腹	さんぷく	5
岩	いわ	3
岩石	がんせき	5
岬	みさき	4
岸	きし	3
峠	とうげ	4
峰	みね	5
島	しま	2
島	とう	4
崇拝	すうはい	5
崖	がけ	5
崩す	くずす	4
崩れる	くずれる	4
崩壊	ほうかい	5
嵐	あらし	3
川	かわ	1
州	しゅう	3
巡る	めぐる	4
巡査	じゅんさ	4
巣	す	3
工事	こうじ	4
工作	こうさく	5
工員	こういん	4
工場	こうじょう	2
工場	こうば	3
工夫	くふう	4
工学	こうがく	5
工業	こうぎょう	2
工芸	こうげい	4
左	ひだり	1
左利き	ひだりきき	5
左右	さゆう	3
巧み	たくみ	5
巧妙	こうみょう	5
巨大	きょだい	3
差	さ	3
差し上げる	さしあげる	2
差し出す	さしだす	5
差し引き	さしひき	4
差し掛かる	さしかかる	5
差し支え	さしつかえ	4
差し支える	さしつかえる	5
差す	さす	1
差別	さべつ	3
差額	さがく	5
巻	かん	4
巻く	まく	3
市	いち	3
市	し	2
市場	いちば	3
市場	しじょう	5
市民	しみん	2
布	ぬの	3
布告	ふこく	5
布団	ふとん	2
布巾	ふきん	5
希望	きぼう	3
席	せき	2
帯	おび	3
帯びる	おびる	5
帰す	かえす	3
帰り	かえり	2
帰る	かえる	1
帰京	ききょう	5
帰宅	きたく	3
帳	ちょう	4
常に	つねに	3
常識	じょうしき	3
帽子	ぼうし	1
幅	はば	3
幕	まく	3
干し	ほし	5
干し物	ほしもの	5
干す	ほす	4
干渉	かんしょう	5
平たい	ひらたい	5
平ら	たいら	3
平仮名	ひらがな	1
平凡	へいぼん	4
平和	へいわ	3
平均	へいきん	3
平常	へいじょう	5
平方	へいほう	5
平日	へいじつ	4
平気	へいき	4
平等	びょうどう	3
平野	へいや	4
年	とし	1
年	ねん	1
年中	ねんじゅう	3
年代	ねんだい	3
年号	ねんごう	5
年寄	としより	3
年度	ねんど	4
年月	としつき	3
年月	ねんげつ	3
年生	ねんせい	4
年賀	ねんが	5
年輪	ねんりん	5
年鑑	ねんかん	3
年長	ねんちょう	5
年間	ねんかん	3
年頃	としごろ	5
年齢	ねんれい	3
幸い	さいわい	3
幸せ	しあわせ	3
幸福	こうふく	3
幸運	こううん	3
幹	みき	5
幹線	かんせん	5
幹部	かんぶ	5
幼い	おさない	3
幼児	ようじ	4
幼稚	ようち	4
幼稚園	ようちえん	4
幽霊	ゆうれい	5
幾	いく	4
幾分	いくぶん	4
幾多	いくた	5
庁	ちょう	4
広々	ひろびろ	4
広い	ひろい	1
広がる	ひろがる	3
広げる	ひろげる	3
広さ	ひろさ	4
広まる	ひろまる	3
広める	ひろめる	3
広告	こうこく	3
広場	ひろば	4
庇う	かばう	5
床	ゆか	3
床の間	とこのま	4
床屋	とこや	2
底	そこ	3
店	みせ	1
店員	てんいん	2
店屋	みせや	4
度	たび	3
度	ど	1
度忘れ	どわすれ	5
座る	すわる	1
座布団	ざぶとん	4
座席	ざせき	3
座敷	ざしき	4
座標	ざひょう	5
座談会	ざだんかい	5
庭	にわ	1
庶務	しょむ	5
庶民	しょみん	5
廃棄	はいき	5
廃止	はいし	5
廊下	ろうか	1
延ばす	のばす	3
延びる	のびる	3
延べ	のべ	5
延期	えんき	3
延長	えんちょう	4
建つ	たつ	3
建て	だて	2
建てる	たてる	2
建前	たてまえ	5
建物	たてもの	1
建築	けんちく	3
建設	けんせつ	3
弁	べん	4
弁償	べんしょう	5
弁当	べんとう	3
弁解	べんかい	5
弁論	べんろん	5
弁護	べんご	5
式	しき	2
式場	しきじょう	5
弓	ゆみ	5
引きずる	ひきずる	5
引き上げる	ひきあげる	5
引き出し	ひきだし	2
引き出す	ひきだす	4
引き分け	ひきわけ	4
引き止める	ひきとめる	4
引き起こす	ひきおこす	5
引き返す	ひきかえす	4
引く	ひく	1
引っ張る	ひっぱる	3
引っ掛かる	ひっかかる	4
引っ掻く	ひっかく	5
引っ繰り返す	ひっくりかえす	4
引っ繰り返る	ひっくりかえる	4
引っ越し	ひっこし	4
引っ越す	ひっこす	2
引っ込む	ひっこむ	4
引下げる	ひきさげる	5
引分け	ひきわけ	4
引力	いんりょく	4
引取る	ひきとる	5
引受る	ひきうける	4
引用	いんよう	3
引算	ひきざん	4
引越し	ひっこし	3
引退	いんたい	3
弛み	たるみ	5
弛む	たるむ	5
弟	おとうと	1
弟子	でし	4
弱	じゃく	5
弱い	よわい	1
弱まる	よわまる	3
弱める	よわめる	3
弱る	よわる	5
弱点	じゃくてん	4
張り切る	はりきる	4
張り紙	はりがみ	5
強	きょう	5
強い	つよい	1
強いて	しいて	5
強いる	しいる	5
強まる	つよまる	3
強める	つよめる	3
強制	きょうせい	5
強力	きょうりょく	3
強化	きょうか	4
強引	ごういん	4
強気	つよき	4
強烈	きょうれつ	5
強盗	ごうとう	3
強硬	きょうこう	5
強行	きょうこう	5
強調	きょうちょう	3
弾	たま	3
弾く	はじく	5
弾く	ひく	1
弾む	はずむ	5
弾力	だんりょく	5
当	とう	5
当たり前	あたりまえ	3
当たる	あたる	3
当て	あて	5
当てはまる	あてはまる	4
当てはめる	あてはめる	4
当てる	あてる	3
当て字	あてじ	5
当り	あたり	3
当人	とうにん	5
当日	とうじつ	4
当時	とうじ	3
当然	とうぜん	3
当番	とうばん	4
当選	とうせん	5
形	かたち	2
形	けい	4
形勢	けいせい	5
形容動詞	けいようどうし	4
形容詞	けいようし	4
形式	けいしき	4
形態	けいたい	3
形成	けいせい	5
彫る	ほる	4
彫刻	ちょうこく	4
影	かげ	3
影響	えいきょう	3
役	やく	3
役に立つ	やくにたつ	2
役人	やくにん	4
役割	やくわり	3
役場	やくば	5
役所	やくしょ	4
役目	やくめ	4
役者	やくしゃ	4
役職	やくしょく	5
彼	かれ	2
彼ら	かれら	2
彼女	かのじょ	2
往復	おうふく	4
往診	おうしん	5
征服	せいふく	5
待ち合わせ	まちあわせ	5
待ち合わせる	まちあわせる	4
待ち望む	まちのぞむ	5
待ち遠しい	まちどおしい	5
待つ	まつ	1
待合室	まちあいしつ	4
待望	たいぼう	5
待遇	たいぐう	5
後	あと	1
後	ご	3
後	のち	3
後ろ	うしろ	1
後回し	あとまわし	5
後悔	こうかい	3
後者	こうしゃ	3
後輩	こうはい	3
後退	こうたい	5
徐々に	じょじょに	3
徐行	じょこう	5
徒歩	とほ	5
従う	したがう	3
従事	じゅうじ	5
従兄弟	いとこ	3
従姉妹	いとこ	3
従来	じゅうらい	5
従業員	じゅうぎょういん	5
得る	うる	3
得る	える	3
得意	とくい	3
得点	とくてん	5
御	おん	4
御	ご	2
御世辞	おせじ	5
御中	おんちゅう	4
御免	ごめん	4
御無沙汰	ごぶさた	4
御覧	ごらん	4
御飯	ごはん	1
復旧	ふっきゅう	5
復活	ふっかつ	5
復習	ふくしゅう	2
復興	ふっこう	5
循環	じゅんかん	4
微か	かすか	5
微塵	みじん	5
微妙	びみょう	3
微笑	びしょう	5
微笑む	ほほえむ	3
微量	びりょう	5
徴収	ちょうしゅう	5
徹する	てっする	5
徹夜	てつや	3
徹底	てってい	3
心	こころ	2
心	しん	5
心中	しんじゅう	5
心地	ここち	5
心強い	こころづよい	5
心当たり	こころあたり	4
心得	こころえ	5
心得る	こころえる	4
心情	しんじょう	5
心掛け	こころがけ	5
心掛ける	こころがける	5
心理	しんり	3
心細い	こころぼそい	5
心臓	しんぞう	3
心身	しんしん	4
心配	しんぱい	2
必ず	かならず	2
必ずしも	かならずしも	3
必修	ひっしゅう	5
必死	ひっし	3
必然	ひつぜん	5
必要	ひつよう	2
必需品	ひつじゅひん	4
志	こころざし	5
志す	こころざす	5
志向	しこう	5
志望	しぼう	3
忘れる	わすれる	1
忘れ物	わすれもの	2
忙しい	いそがしい	1
応じる	おうじる	3
応ずる	おうずる	4
応募	おうぼ	5
応対	おうたい	4
応急	おうきゅう	5
応接	おうせつ	4
応援	おうえん	3
応用	おうよう	4
忠告	ちゅうこく	5
快い	こころよい	5
快晴	かいせい	4
快適	かいてき	3
念	ねん	5
念願	ねんがん	5
怒り	いかり	3
怒る	おこる	2
怒鳴る	どなる	4
怖い	こわい	2
思いっきり	おもいっきり	4
思いっ切り	おもいっきり	4
思い付き	おもいつき	5
思い付く	おもいつく	3
思い出	おもいで	3
思い出す	おもいだす	2
思い切り	おもいきり	4
思い掛けない	おもいがけない	4
思い込む	おもいこむ	4
思う	おもう	2
思わず	おもわず	3
思想	しそう	3
思考	しこう	5
怠ける	なまける	3
怠る	おこたる	4
怠慢	たいまん	5
急	きゅう	2
急かす	せかす	5
急ぐ	いそぐ	2
急に	きゅうに	3
急激	きゅうげき	3
急行	きゅうこう	2
急速	きゅうそく	3
性	せい	3
性別	せいべつ	4
性格	せいかく	3
性能	せいのう	4
性質	せいしつ	3
怪しい	あやしい	4
怪獣	かいじゅう	5
怯える	おびえる	5
恋	こい	3
恋しい	こいしい	4
恋する	こいする	5
恋人	こいびと	3
恋愛	れんあい	5
恐らく	おそらく	3
恐れ	おそれ	5
恐れる	おそれる	3
恐れ入る	おそれいる	5
恐ろしい	おそろしい	3
恐怖	きょうふ	3
恐縮	きょうしゅく	4
恥	はじ	5
恥じらう	はじらう	5
恥じる	はじる	5
恥ずかしい	はずかしい	2
恨み	うらみ	4
恨む	うらむ	4
恩	おん	3
恩恵	おんけい	4
息	いき	3
息子	むすこ	2
恵まれる	めぐまれる	4
恵み	めぐみ	5
恵む	めぐむ	5
悔しい	くやしい	3
悔やむ	くやむ	4
悟る	さとる	5
悠々	ゆうゆう	4
患者	かんじゃ	3
悩ましい	なやましい	5
悩ます	なやます	5
悩み	なやみ	5
悩む	なやむ	3
悪	あく	3
悪い	わるい	1
悪しからず	あしからず	5
悪化	あっか	5
悪口	わるくち	3
悪者	わるもの	5
悪魔	あくま	3
悲しい	かなしい	2
悲しむ	かなしむ	3
悲劇	ひげき	3
悲惨	ひさん	5
悲観	ひかん	5
悲鳴	ひめい	5
情	じょう	3
情け	なさけ	5
情勢	じょうせい	5
情報	じょうほう	3
情深い	なさけぶかい	5
情無い	なさけない	5
情熱	じょうねつ	5
情緒	じょうしょ	5
情緒	じょうちょ	5
惑星	わくせい	5
惚ける	ぼける	5
惜しい	おしい	4
惜しむ	おしむ	5
惨めな	みじめな	4
想像	そうぞう	3
愉快	ゆかい	3
意	い	3
意向	いこう	5
意味	いみ	1
意図	いと	5
意地	いじ	3
意地悪	いじわる	3
意外	いがい	3
意志	いし	3
意思	いし	3
意欲	いよく	5
意気込む	いきごむ	5
意義	いぎ	4
意見	いけん	2
意識	いしき	3
愚か	おろか	5
愚痴	ぐち	5
愛	あい	3
愛する	あいする	3
愛情	あいじょう	3
愛想	あいそう	5
感	かん	4
感じ	かんじ	3
感じる	かんじる	3
感ずる	かんずる	4
感動	かんどう	3
感度	かんど	5
感心	かんしん	3
感情	かんじょう	3
感想	かんそう	3
感染	かんせん	5
感激	かんげき	4
感無量	かんむりょう	5
感覚	かんかく	3
感触	かんしょく	5
感謝	かんしゃ	3
態勢	たいせい	5
態度	たいど	3
慌ただしい	あわただしい	4
慌てる	あわてる	3
慎重	しんちょう	3
慕う	したう	5
慣らす	ならす	3
慣れ	なれ	5
慣れる	なれる	2
慣例	かんれい	5
慣習	かんしゅう	5
慣行	かんこう	3
慰める	なぐさめる	4
慶ぶ	よろこぶ	4
憂鬱	ゆううつ	5
憎い	にくい	4
憎しみ	にくしみ	5
憎む	にくむ	4
憎らしい	にくらしい	4
憤慨	ふんがい	5
憧れ	あこがれ	5
憧れる	あこがれる	4
憲法	けんぽう	3
懐かしい	なつかしい	4
懐く	なつく	5
懲りる	こりる	5
懸命	けんめい	4
懸賞	けんしょう	5
成り立つ	なりたつ	5
成人	せいじん	3
成分	せいぶん	4
成功	せいこう	3
成年	せいねん	3
成果	せいか	5
成熟	せいじゅく	5
成立	せいりつ	4
成績	せいせき	3
成育	せいいく	5
成長	せいちょう	3
我	が	5
我	わが	4
我	われ	5
我々	われわれ	3
我慢	がまん	3
或	ある	3
戦	せん	4
戦い	たたかい	3
戦う	たたかう	3
戦争	せんそう	2
戦力	せんりょく	5
戦災	せんさい	5
戦術	せんじゅつ	5
戦闘	せんとう	5
戯曲	ぎきょく	5
戸	と	1
戸棚	とだな	4
戸籍	こせき	5
戸締り	とじまり	5
戻す	もどす	3
戻る	もどる	2
所	しょ	4
所	じょ	4
所	ところ	1
所々	ところどころ	4
所在	しょざい	5
所定	しょてい	5
所属	しょぞく	5
所得	しょとく	5
所持	しょじ	5
所有	しょゆう	5
所為	せい	3
扇ぐ	あおぐ	4
扇子	せんす	4
扇風機	せんぷうき	4
扉	とびら	5
手	しゅ	4
手	て	1
手ごろ	てごろ	4
手伝い	てつだい	3
手伝う	てつだう	2
手元	てもと	5
手入れ	ていれ	4
手分け	てわけ	5
手前	てまえ	4
手品	てじな	3
手回し	てまわし	5
手帳	てちょう	4
手引	てびき	5
手当	てあて	5
手拭い	てぬぐい	4
手掛かり	てがかり	5
手掛ける	てがける	5
手数	てかず	5
手数	てすう	5
手本	てほん	5
手段	しゅだん	3
手法	しゅほう	5
手洗い	てあらい	4
手筈	てはず	5
手紙	てがみ	1
手続き	てつづき	4
手芸	しゅげい	5
手術	しゅじゅつ	3
手袋	てぶくろ	2
手軽	てがる	5
手近	てぢか	5
手遅れ	ておくれ	5
手配	てはい	5
手錠	てじょう	5
手間	てま	3
手際	てぎわ	5
手頃	てごろ	4
手順	てじゅん	5
手首	てくび	4
才能	さいのう	3
打ち切る	うちきる	5
打ち明ける	うちあける	5
打ち消し	うちけし	5
打ち消す	うちけす	4
打ち込む	うちこむ	5
打つ	うつ	2
打つ	ぶつ	3
打合せ	うちあわせ	4
打撃	だげき	5
打開	だかい	5
払い戻す	はらいもどす	4
払い込む	はらいこむ	4
払う	はらう	2
扱い	あつかい	5
扱う	あつかう	3
扶養	ふよう	5
批判	ひはん	3
批評	ひひょう	3
承る	うけたまわる	4
承知	しょうち	2
承認	しょうにん	3
承諾	しょうだく	5
技	わざ	5
技師	ぎし	3
技能	ぎのう	5
技術	ぎじゅつ	2
把握	はあく	5
抑制	よくせい	5
抑圧	よくあつ	5
投げる	なげる	2
投げ出す	なげだす	5
投入	とうにゅう	5
投書	とうしょ	4
投票	とうひょう	3
投資	とうし	5
抗争	こうそう	5
抗議	こうぎ	5
折	おり	5
折り返す	おりかえす	5
折る	おる	2
折れる	おれる	2
折衷	せっちゅう	5
折角	せっかく	4
抜かす	ぬかす	5
抜く	ぬく	3
抜ける	ぬける	3
抜け出す	ぬけだす	5
抱える	かかえる	3
抱く	いだく	3
抱く	だく	3
抱っこ	だっこ	5
抵抗	ていこう	3
押える	おさえる	3
押さえる	おさえる	4
押し入れ	おしいれ	2
押し切る	おしきる	5
押し寄せる	おしよせる	5
押し込む	おしこむ	5
押す	おす	1
抽象	ちゅうしょう	4
抽選	ちゅうせん	5
担う	になう	5
担ぐ	かつぐ	4
担当	たんとう	3
担架	たんか	5
拍手	はくしゅ	3
拒否	きょひ	5
拒絶	きょぜつ	5
拘束	こうそく	3
招き	まねき	5
招く	まねく	3
招待	しょうたい	2
拝む	おがむ	4
拝借	はいしゃく	5
拝啓	はいけい	5
拝見	はいけん	2
拡充	かくじゅう	4
拡大	かくだい	3
拡張	かくちょう	4
拡散	かくさん	5
括弧	かっこ	4
拭く	ふく	3
拾う	ひろう	2
持ち上げる	もちあげる	3
持ち切り	もちきり	5
持つ	もつ	1
持参	じさん	4
持続	じぞく	5
指	ゆび	2
指す	さす	3
指令	しれい	5
指図	さしず	5
指定	してい	4
指導	しどう	3
指差す	ゆびさす	5
指揮	しき	3
指摘	してき	5
指輪	ゆびわ	2
挑む	いどむ	5
挑戦	ちょうせん	3
挙げる	あげる	3
挟まる	はさまる	4
挟む	はさむ	4
挨拶	あいさつ	2
振り	ふり	3
振り	ぶり	4
振り仮名	ふりがな	4
振り出し	ふりだし	5
振り向く	ふりむく	4
振り返る	ふりかえる	5
振る	ふる	3
振動	しんどう	5
振興	しんこう	3
振舞う	ふるまう	4
挿す	さす	3
捕える	とらえる	4
捕まえる	つかまえる	2
捕まる	つかまる	3
捕る	とる	4
捕獲	ほかく	5
捕虜	ほりょ	5
捕鯨	ほげい	5
捗る	はかどる	5
捜す	さがす	4
捜査	そうさ	3
捜索	そうさく	5
捧げる	ささげる	5
捨てる	すてる	2
捩る	ねじる	4
捩れる	ねじれる	5
据える	すえる	5
据え付ける	すえつける	5
捲る	めくる	3
捻る	ひねる	4
掃く	はく	3
掃除	そうじ	1
授ける	さずける	5
授業	じゅぎょう	1
掌	てのひら	5
排水	はいすい	5
排除	はいじょ	5
掘る	ほる	4
掛	かけ	5
掛け	かけ	5
掛ける	かける	1
掛け算	かけざん	4
採る	とる	4
採択	さいたく	5
採掘	さいくつ	5
採決	さいけつ	5
採点	さいてん	4
採用	さいよう	5
採算	さいさん	5
採集	さいしゅう	3
探す	さがす	2
探る	さぐる	4
探検	たんけん	5
接ぐ	つぐ	3
接する	せっする	4
接続	せつぞく	4
接続詞	せつぞくし	5
接触	せっしょく	5
接近	せっきん	4
控える	ひかえる	5
控室	ひかえしつ	5
控除	こうじょ	5
推定	すいてい	4
推測	すいそく	5
推理	すいり	5
推薦	すいせん	3
推進	すいしん	5
措置	そち	5
掲げる	かかげる	5
掲示	けいじ	3
掲載	けいさい	5
掴む	つかむ	3
掻き回す	かきまわす	5
掻く	かく	3
揃い	そろい	5
揃う	そろう	3
揃える	そろえる	3
揉む	もむ	4
描く	えがく	3
描く	かく	3
描写	びょうしゃ	5
提供	ていきょう	5
提出	ていしゅつ	3
提携	ていけい	5
提案	ていあん	3
提示	ていじ	5
揚げる	あげる	3
換える	かえる	3
換気	かんき	4
換算	かんさん	5
握る	にぎる	3
握手	あくしゅ	3
援助	えんじょ	3
揺さぶる	ゆさぶる	5
揺らぐ	ゆらぐ	5
揺れる	ゆれる	2
損	そん	3
損う	そこなう	5
損失	そんしつ	5
損害	そんがい	3
損得	そんとく	4
携わる	たずさわる	5
携帯	けいたい	3
摘む	つむ	3
摩する	さする	5
摩擦	まさつ	4
撃つ	うつ	3
撒く	まく	3
撫でる	なでる	4
撮る	とる	1
撮影	さつえい	4
操る	あやつる	5
操作	そうさ	3
操縦	そうじゅう	3
擦る	か	5
擦る	こ	4
擦る	する	3
擦れる	すれる	5
支える	ささえる	3
支出	ししゅつ	3
支店	してん	3
支度	したく	2
支払	しはらい	3
支払う	しはらう	3
支持	しじ	5
支給	しきゅう	3
支配	しはい	3
改まる	あらたまる	5
改めて	あらためて	4
改める	あらためる	4
改修	かいしゅう	5
改善	かいぜん	3
改定	かいてい	5
改悪	かいあく	5
改札	かいさつ	4
改正	かいせい	4
改良	かいりょう	5
改訂	かいてい	5
改造	かいぞう	4
改革	かいかく	5
攻め	せめ	5
攻める	せめる	3
攻撃	こうげき	3
放す	はなす	3
放り出す	ほうりだす	5
放り込む	ほうりこむ	5
放る	ほうる	4
放れる	はなれる	3
放出	ほうしゅつ	5
放射	ほうしゃ	5
放射能	ほうしゃのう	5
放置	ほうち	5
放送	ほうそう	2
政党	せいとう	4
政府	せいふ	3
政権	せいけん	5
政治	せいじ	2
政策	せいさく	5
故	こ	5
故	ゆえ	5
故人	こじん	3
故郷	こきょう	3
故郷	ふるさと	4
故障	こしょう	2
敏感	びんかん	5
救い	すくい	5
救う	すくう	3
救助	きゅうじょ	3
救援	きゅうえん	5
救済	きゅうさい	5
敗	はい	3
敗北	はいぼく	5
敗戦	はいせん	5
教	きょう	4
教え	おしえ	3
教える	おしえる	1
教わる	おそわる	3
教会	きょうかい	2
教室	きょうしつ	1
教授	きょうじゅ	3
教材	きょうざい	5
教科	きょうか	5
教科書	きょうかしょ	3
教習	きょうしゅう	5
教職	きょうしょく	5
教育	きょういく	2
教訓	きょうくん	5
教養	きょうよう	4
敢えて	あえて	5
散らかす	ちらかす	4
散らかる	ちらかる	4
散らす	ちらす	3
散る	ちる	3
散歩	さんぽ	1
敬う	うやまう	4
敬具	けいぐ	5
敬意	けいい	3
敬語	けいご	4
数	かず	3
数	すう	3
数える	かぞえる	3
数字	すうじ	3
数学	すうがく	2
数詞	すうし	5
整う	ととのう	4
整える	ととのえる	5
整備	せいび	4
整列	せいれつ	5
整数	せいすう	4
整然	せいぜん	5
整理	せいり	3
敵	てき	3
敷く	しく	4
敷地	しきち	4
文	ぶん	3
文体	ぶんたい	4
文化	ぶんか	2
文化財	ぶんかざい	5
文句	もんく	3
文字	もじ	3
文字	もんじ	3
文学	ぶんがく	2
文房具	ぶんぼうぐ	4
文明	ぶんめい	3
文書	ぶんしょ	5
文法	ぶんぽう	2
文献	ぶんけん	4
文章	ぶんしょう	1
文脈	ぶんみゃく	4
文芸	ぶんげい	4
文語	ぶんご	5
斑	むら	5
料	りょう	4
料理	りょうり	1
料金	りょうきん	3
斜	はす	4
斜め	ななめ	4
斜面	しゃめん	5
斡旋	あっせん	5
斬る	きる	4
断える	たえる	5
断つ	たつ	3
断る	ことわる	3
断定	だんてい	4
断水	だんすい	4
断然	だんぜん	5
断言	だんげん	5
断面	だんめん	5
新しい	あたらしい	1
新た	あらた	3
新人	しんじん	5
新入生	しんにゅうせい	5
新婚	しんこん	5
新幹線	しんかんせん	4
新築	しんちく	5
新聞	しんぶん	1
新聞社	しんぶんしゃ	2
新興	しんこう	3
新鮮	しんせん	3
方	かた	1
方	ほう	3
方々	かたがた	3
方々	ほうぼう	3
方向	ほうこう	3
方式	ほうしき	5
方法	ほうほう	3
方程式	ほうていしき	4
方策	ほうさく	5
方角	ほうがく	4
方言	ほうげん	4
方針	ほうしん	4
方面	ほうめん	4
於いて	おいて	5
施す	ほどこす	5
施行	しこう	5
施設	しせつ	5
旅	たび	3
旅券	りょけん	5
旅客	りょかく	5
旅行	りょこう	1
旅館	りょかん	2
旗	はた	3
既に	すでに	3
既婚	きこん	5
日	か	4
日	じつ	4
日	にち	1
日	ひ	2
日にち	ひにち	4
日の丸	ひのまる	5
日の入り	ひのいり	4
日の出	ひので	4
日中	にっちゅう	3
日付	ひづけ	3
日光	にっこう	3
日取り	ひどり	5
日向	ひなた	5
日夜	にちや	5
日差し	ひざし	4
日帰り	ひがえり	4
日常	にちじょう	3
日当たり	ひあたり	4
日日	ひにち	4
日時	にちじ	4
日曜日	にちようび	1
日本	にっぽん	3
日本	にほん	3
日焼け	ひやけ	5
日用品	にちようひん	4
日程	にってい	4
日記	にっき	2
日課	にっか	4
日陰	ひかげ	4
日頃	ひごろ	5
旦那	だんな	5
旧	きゅう	3
旧知	きゅうち	5
早い	はやい	1
早める	はやめる	5
早口	はやくち	4
早急	さっきゅう	5
早急	そうきゅう	5
早速	さっそく	4
昆虫	こんちゅう	5
昇る	のぼる	3
昇進	しょうしん	5
明かす	あかす	5
明かり	あかり	3
明くる	あくる	4
明ける	あける	3
明け方	あけがた	4
明らか	あきらか	3
明るい	あかるい	1
明後日	あさって	1
明後日	みょうごにち	3
明日	あした	1
明日	あす	2
明明後日	しあさって	4
明朗	めいろう	5
明白	めいはく	5
明瞭	めいりょう	5
明確	めいかく	3
易しい	やさしい	1
昔	むかし	2
星	ほし	2
星座	せいざ	5
映える	はえる	3
映す	うつす	3
映る	うつる	3
映像	えいぞう	5
映写	えいしゃ	5
映画	えいが	1
映画館	えいがかん	1
春	はる	1
昨	さく	3
昨夜	ゆうべ	1
昨日	きのう	1
是正	ぜせい	5
是非	ぜひ	2
昼	ひる	1
昼休み	ひるやすみ	2
昼寝	ひるね	4
昼御飯	ひるごはん	1
昼間	ひるま	2
昼食	ちゅうしょく	3
昼飯	ひるめし	5
時	じ	1
時	とき	1
時々	ときどき	1
時代	じだい	2
時刻	じこく	3
時刻表	じこくひょう	5
時差	じさ	5
時折	ときおり	5
時期	じき	3
時計	とけい	1
時速	じそく	4
時間	じかん	1
時間割	じかんわり	4
時間目	じかんめ	4
晩	ばん	1
晩年	ばんねん	5
晩御飯	ばんごはん	1
普及	ふきゅう	4
普段	ふだん	3
普通	ふつう	2
普遍	ふへん	5
景気	けいき	3
景色	けしき	2
晴れ	はれ	1
晴れる	はれる	1
晴天	せいてん	5
暇	ひま	1
暑い	あつい	1
暖かい	あたたかい	1
暖まる	あたたまる	3
暖める	あたためる	3
暖房	だんぼう	2
暗い	くらい	1
暗殺	あんさつ	5
暗示	あんじ	5
暗算	あんざん	5
暗記	あんき	3
暦	こよみ	5
暮らし	くらし	3
暮らす	くらす	3
暮れ	くれ	3
暮れる	くれる	2
暴れる	あばれる	4
暴力	ぼうりょく	5
暴動	ぼうどう	5
暴露	ばくろ	5
暴風	ぼうふう	5
曇り	くもり	1
曇る	くもる	1
曜日	ようび	3
曲げる	まげる	4
曲る	まがる	1
曲線	きょくせん	4
更ける	ふける	4
更に	さらに	3
書き取る	かきとる	5
書く	かく	1
書取	かきとり	4
書店	しょてん	4
書斎	しょさい	3
書物	しょもつ	3
書留	かきとめ	4
書籍	しょせき	4
書評	しょひょう	5
書道	しょどう	4
書類	しょるい	3
替える	かえる	3
最	さい	4
最も	もっとも	2
最中	さいちゅう	3
最中	さなか	5
最低	さいてい	3
最初	さいしょ	2
最善	さいぜん	5
最後	さいご	2
最終	さいしゅう	3
最近	さいきん	2
最高	さいこう	3
月	がつ	1
月	つき	2
月並	つきなみ	5
月日	つきひ	4
月曜日	げつようび	1
月末	げつまつ	4
月給	げっきゅう	4
月謝	げっしゃ	5
月賦	げっぷ	5
有する	ゆうする	5
有り様	ありさま	5
有る	ある	1
有利	ゆうり	3
有力	ゆうりょく	5
有効	ゆうこう	3
有名	ゆうめい	1
有料	ゆうりょう	4
有望	ゆうぼう	5
有機	ゆうき	3
有無	うむ	3
有益	ゆうえき	5
有能	ゆうのう	3
有難い	ありがたい	4
服	ふく	1
服装	ふくそう	3
朗らか	ほがらか	4
朗読	ろうどく	5
望ましい	のぞましい	5
望み	のぞみ	3
望む	のぞむ	3
望遠鏡	ぼうえんきょう	4
朝	あさ	1
朝寝坊	あさねぼう	4
朝御飯	あさごはん	1
期	き	4
期待	きたい	3
期日	きじつ	5
期末	きまつ	5
期間	きかん	3
期限	きげん	3
木	き	1
木曜日	もくようび	1
木材	もくざい	4
木綿	もめん	2
未	み	4
未だ	いまだ	5
未婚	みこん	5
未定	みてい	5
未来	みらい	3
未満	みまん	4
未熟	みじゅく	5
未知	みち	5
未練	みれん	5
未開	みかい	5
末	すえ	3
末	まつ	3
末っ子	すえっこ	4
末期	まっき	5
本	ほん	1
本人	ほんにん	3
本体	ほんたい	5
本名	ほんみょう	5
本国	ほんごく	5
本場	ほんば	5
本当	ほんと	3
本当	ほんとう	1
本文	ほんぶん	5
本来	ほんらい	4
本格	ほんかく	5
本棚	ほんだな	1
本気	ほんき	5
本物	ほんもの	3
本能	ほんのう	5
本質	ほんしつ	5
本部	ほんぶ	4
本音	ほんね	5
本館	ほんかん	5
札	さつ	3
札	ふだ	5
机	つくえ	1
朽ちる	くちる	5
杉	すぎ	4
材料	ざいりょう	3
材木	ざいもく	4
村	むら	1
杖	つえ	5
束	たば	3
束ねる	たばねる	5
束縛	そくばく	5
条	じょう	4
条件	じょうけん	3
条約	じょうやく	5
来	らい	3
来る	きたる	5
来る	くる	1
来場	らいじょう	5
来年	らいねん	1
来日	らいにち	4
来月	らいげつ	1
来週	らいしゅう	1
杯	さかずき	5
杯	はい	1
東	ひがし	1
東洋	とうよう	3
東西	とうざい	4
松	まつ	3
板	いた	3
枕	まくら	4
林	はやし	2
林業	りんぎょう	5
枚	まい	1
枚数	まいすう	4
果して	はたして	4
果たして	はたして	4
果たす	はたす	5
果て	はて	5
果てる	はてる	5
果実	かじつ	4
果物	くだもの	1
枝	えだ	2
枠	わく	3
枯れる	かれる	4
架空	かくう	4
柄	え	3
柄	がら	3
染まる	そまる	5
染みる	しみる	5
染める	そめる	5
柔らかい	やわらかい	2
柔軟	じゅうなん	5
柔道	じゅうどう	2
柵	さく	3
栄える	さかえる	5
栄養	えいよう	3
栓	せん	4
校	こう	4
校庭	こうてい	4
校舎	こうしゃ	3
校長	こうちょう	2
株	かぶ	3
株式	かぶしき	5
核	かく	3
根	ね	3
根回し	ねまわし	5
根底	こんてい	5
根拠	こんきょ	5
根本	こんぽん	5
根気	こんき	5
格	かく	3
格別	かくべつ	4
格好	かっこう	2
格差	かくさ	5
栽培	さいばい	5
桁	けた	4
案	あん	3
案じる	あんじる	5
案の定	あんのじょう	5
案内	あんない	2
案外	あんがい	3
桜	さくら	3
桟橋	さんばし	5
梅	うめ	3
梅干し	うめぼし	5
梅雨	つゆ	3
梅雨	ばいう	3
梢	こずえ	5
梯子	はしご	4
棄権	きけん	5
棒	ぼう	3
棚	たな	2
棟	とう	3
森	もり	2
森林	しんりん	4
椀	わん	3
椅子	いす	1
植える	うえる	2
植わる	うわる	5
植木	うえき	4
植民地	しょくみんち	5
植物	しょくぶつ	3
検事	けんじ	5
検査	けんさ	3
検討	けんとう	3
楕円	だえん	4
業	ぎょう	4
業務	ぎょうむ	5
業績	ぎょうせき	5
業者	ぎょうしゃ	5
極	ごく	3
極めて	きわめて	5
極楽	ごくらく	5
極端	きょくたん	5
楽	らく	3
楽しい	たのしい	1
楽しみ	たのしみ	2
楽む	たのしむ	2
楽器	がっき	3
楽観	らっかん	5
楽譜	がくふ	5
概念	がいねん	5
概略	がいりゃく	5
概説	がいせつ	5
概論	がいろん	4
構いません	かまいません	4
構える	かまえる	5
構想	こうそう	5
構成	こうせい	3
構造	こうぞう	4
様	さま	2
様	よう	2
様々	さまざま	3
様子	ようす	3
様式	ようしき	5
様相	ようそう	5
標本	ひょうほん	4
標準	ひょうじゅん	4
標語	ひょうご	5
標識	ひょうしき	4
模倣	もほう	5
模型	もけい	5
模様	もよう	3
模範	もはん	5
模索	もさく	5
権利	けんり	3
権力	けんりょく	5
権威	けんい	5
権限	けんげん	5
横	よこ	1
横切る	よこぎる	3
横断	おうだん	3
横綱	よこづな	5
樹木	じゅもく	5
樹立	じゅりつ	5
橋	はし	1
橋渡し	はしわたし	5
機	き	4
機会	きかい	2
機嫌	きげん	3
機械	きかい	3
機構	きこう	3
機能	きのう	3
機関	きかん	3
機関車	きかんしゃ	4
檻	おり	5
櫛	くし	4
欄	らん	4
欠く	かく	3
欠ける	かける	3
欠乏	けつぼう	5
欠席	けっせき	3
欠点	けってん	3
欠陥	けっかん	3
次	つぎ	1
次々	つぎつぎ	3
次ぐ	つぐ	3
次第	しだい	3
欧米	おうべい	4
欲	よく	5
欲しい	ほしい	1
欲張り	よくばり	4
欲望	よくぼう	5
欲深い	よくふかい	5
欺く	あざむく	5
歌	うた	1
歌	か	4
歌う	うたう	1
歌手	かしゅ	3
歌謡	かよう	3
歓声	かんせい	3
歓迎	かんげい	3
止す	よす	3
止まる	とまる	1
止む	やむ	2
止める	とどめる	5
止める	とめる	2
止める	やめる	2
正	せい	3
正しい	ただしい	2
正体	しょうたい	3
正午	しょうご	3
正味	しょうみ	4
正常	せいじょう	5
正式	せいしき	3
正当	せいとう	5
正方形	せいほうけい	4
正月	しょうがつ	2
正直	しょうじき	3
正確	せいかく	3
正義	せいぎ	5
正規	せいき	3
正解	せいかい	5
正門	せいもん	4
正面	しょうめん	4
武力	ぶりょく	5
武器	ぶき	3
武士	ぶし	4
武装	ぶそう	5
歩	ほ	4
歩く	あるく	1
歩み	あゆみ	5
歩む	あゆむ	5
歩道	ほどう	3
歪む	ひずむ	5
歪む	ゆがむ	5
歯	は	1
歯医者	はいしゃ	2
歯磨き	はみがき	4
歯科	しか	5
歯車	はぐるま	4
歳	さい	1
歴史	れきし	2
死	し	3
死ぬ	しぬ	1
死亡	しぼう	3
死体	したい	4
死刑	しけい	5
殊に	ことに	5
残す	のこす	3
残らず	のこらず	4
残り	のこり	3
残る	のこる	2
残念	ざんねん	2
残酷	ざんこく	5
残金	ざんきん	5
残高	ざんだか	5
殖やす	ふやす	3
殴る	なぐる	3
段	だん	3
段々	だんだん	1
段階	だんかい	4
殺す	ころす	3
殺人	さつじん	5
殻	から	3
殿	どの	4
殿様	とのさま	5
母	はは	1
母国	ぼこく	5
母校	ぼこう	5
母親	ははおや	3
毎	ごと	4
毎	まい	4
毎年	まいとし	1
毎年	まいねん	1
毎度	まいど	4
毎日	まいにち	1
毎晩	まいばん	1
毎月	まいげつ	1
毎月	まいつき	1
毎朝	まいあさ	1
毎週	まいしゅう	1
毒	どく	3
比べる	くらべる	2
比例	ひれい	5
比率	ひりつ	5
比較	ひかく	3
比較的	ひかくてき	4
比重	ひじゅう	5
毛	け	2
毛布	もうふ	3
毛皮	けがわ	4
毛糸	けいと	4
氏	し	3
氏名	しめい	4
民主	みんしゅ	4
民俗	みんぞく	5
民宿	みんしゅく	5
民族	みんぞく	5
民謡	みんよう	4
民間	みんかん	4
気	き	2
気に入る	きにいる	3
気の毒	きのどく	3
気まぐれ	きまぐれ	5
気を付ける	きをつける	4
気付く	きづく	3
気体	きたい	3
気候	きこう	3
気兼ね	きがね	5
気分	きぶん	2
気味	きみ	3
気味	ぎみ	4
気品	きひん	5
気圧	きあつ	4
気持ち	きもち	2
気流	きりゅう	5
気温	きおん	3
気立て	きだて	5
気象	きしょう	5
気質	きしつ	5
気軽	きがる	5
気配	けはい	4
気障	きざ	5
気風	きふう	5
水	みず	1
水分	すいぶん	4
水平	すいへい	4
水平線	すいへいせん	4
水曜	すいよう	4
水曜日	すいようび	1
水気	みずけ	5
水泳	すいえい	2
水洗	すいせん	3
水源	すいげん	5
水準	すいじゅん	3
水滴	すいてき	4
水産	すいさん	4
水田	すいでん	5
水着	みずぎ	4
水筒	すいとう	4
水素	すいそ	4
水蒸気	すいじょうき	4
水道	すいどう	2
水面	すいめん	4
氷	こおり	3
永久	えいきゅう	3
永遠	えいえん	3
氾濫	はんらん	5
汁	しる	4
求める	もとめる	3
汗	あせ	3
汚い	きたない	1
汚す	よごす	3
汚れ	よごれ	5
汚れる	よごれる	2
汚染	おせん	3
池	いけ	1
汲む	くむ	3
決	けつ	5
決して	けっして	2
決まり	きまり	3
決まる	きまる	2
決める	きめる	2
決勝	けっしょう	5
決定	けってい	3
決心	けっしん	3
決意	けつい	5
決断	けつだん	5
決算	けっさん	5
決行	けっこう	3
決議	けつぎ	5
汽船	きせん	5
汽車	きしゃ	2
沈む	しずむ	3
沈める	しずめる	5
沈殿	ちんでん	5
沈没	ちんぼつ	5
沈黙	ちんもく	5
沖	おき	3
没収	ぼっしゅう	5
没落	ぼつらく	5
沢山	たくさん	1
河	かわ	1
河川	かせん	5
沸かす	わかす	2
沸く	わく	2
沸騰	ふっとう	5
油	あぶら	3
油	ゆ	5
油断	ゆだん	4
油絵	あぶらえ	5
治まる	おさまる	5
治める	おさめる	3
治る	なおる	2
治安	ちあん	5
治療	ちりょう	3
沼	ぬま	5
沿い	そい	4
沿う	そう	3
沿岸	えんがん	5
沿線	えんせん	5
泉	いずみ	3
泊	はく	4
泊まる	とまる	2
泊める	とめる	3
法	ほう	3
法則	ほうそく	4
法学	ほうがく	5
法廷	ほうてい	5
法律	ほうりつ	2
法案	ほうあん	5
泡	あわ	3
波	なみ	3
泣く	なく	2
泥	どろ	3
泥棒	どろぼう	2
注	ちゅう	3
注ぐ	そそぐ	3
注ぐ	つぐ	3
注す	さす	3
注射	ちゅうしゃ	2
注意	ちゅうい	2
注文	ちゅうもん	3
注目	ちゅうもく	3
泳ぎ	およぎ	3
泳ぐ	およぐ	1
洋品店	ようひんてん	4
洋服	ようふく	1
洋風	ようふう	5
洒落	しゃれ	4
洒落る	しゃれる	5
洗う	あらう	1
洗剤	せんざい	3
洗濯	せんたく	1
洗面	せんめん	4
津波	つなみ	5
洪水	こうずい	5
活ける	いける	5
活力	かつりょく	4
活動	かつどう	3
活字	かつじ	4
活気	かっき	3
活用	かつよう	3
活発	かっぱつ	5
活躍	かつやく	3
派	は	5
派手	はで	3
派遣	はけん	5
流	りゅう	4
流し	ながし	5
流す	ながす	3
流れ	ながれ	3
流れる	ながれる	3
流域	りゅういき	4
流石	さすが	4
流行	りゅうこう	3
流行る	はやる	3
流通	りゅうつう	5
浅い	あさい	2
浅ましい	あさましい	5
浜	はま	5
浜辺	はまべ	5
浪費	ろうひ	5
浮かべる	うかべる	4
浮く	うく	4
浮ぶ	うかぶ	4
浮力	ふりょく	5
浮気	うわき	5
浴びる	あびる	1
浴室	よくしつ	5
浴衣	ゆかた	4
海	うみ	1
海外	かいがい	3
海岸	かいがん	2
海峡	かいきょう	5
海抜	かいばつ	5
海水浴	かいすいよく	4
海洋	かいよう	4
海流	かいりゅう	5
海路	かいろ	5
海運	かいうん	5
浸す	ひたす	5
消える	きえる	1
消しゴム	けしごむ	2
消す	けす	1
消化	しょうか	4
消去	しょうきょ	5
消息	しょうそく	5
消極的	しょうきょくてき	4
消毒	しょうどく	4
消耗	しょうもう	4
消費	しょうひ	3
消防	しょうぼう	3
消防署	しょうぼうしょ	4
涙	なみだ	3
液	えき	5
液体	えきたい	4
涼しい	すずしい	1
涼む	すずむ	4
淑やか	しとやか	5
淡水	たんすい	4
深い	ふかい	2
深まる	ふかまる	3
深める	ふかめる	3
深刻	しんこく	3
深夜	しんや	4
混ざる	まざる	3
混じる	まじる	3
混ぜる	まぜる	3
混乱	こんらん	3
混合	こんごう	4
混同	こんどう	5
混血	こんけつ	5
混雑	こんざつ	3
添う	そう	3
添える	そえる	5
清い	きよい	4
清ます	すます	5
清む	すむ	3
清らか	きよらか	5
清掃	せいそう	4
清書	せいしょ	4
清潔	せいけつ	3
清濁	せいだく	5
清純	せいじゅん	5
渇く	かわく	3
済	ずみ	4
済ます	すます	5
済ませる	すませる	3
済む	すむ	2
渋滞	じゅうたい	3
渚	なぎさ	5
減らす	へらす	3
減る	へる	3
減少	げんしょう	3
渡す	わたす	1
渡り鳥	わたりどり	5
渡る	わたる	1
渦	うず	3
温い	ぬるい	1
温かい	あたたかい	3
温まる	あたたまる	3
温める	あたためる	3
温和	おんわ	5
温室	おんしつ	4
温帯	おんたい	4
温度	おんど	3
温暖	おんだん	3
温泉	おんせん	4
測る	はかる	3
測定	そくてい	4
測量	そくりょう	4
港	こう	4
港	みなと	2
湖	みずうみ	2
湧く	わく	3
湯	ゆ	2
湯気	ゆげ	4
湯飲	ゆのみ	4
湯飲み	ゆのみ	4
湾	わん	3
湿る	しめる	3
湿度	しつど	3
湿気	しっき	4
湿気	しっけ	3
湿気る	しける	5
満たす	みたす	5
満ちる	みちる	3
満員	まんいん	4
満場	まんじょう	5
満月	まんげつ	5
満点	まんてん	4
満足	まんぞく	3
源	みなもと	5
準じる	じゅんじる	5
準備	じゅんび	2
準急	じゅんきゅう	5
溜まり	たまり	5
溜まる	たまる	3
溜める	ためる	3
溜息	ためいき	4
溝	どぶ	5
溝	みぞ	5
溶かす	とかす	4
溶く	とく	3
溶ける	とける	3
溶け込む	とけこむ	4
溶岩	ようがん	4
溶液	ようえき	5
溺れる	おぼれる	3
滅びる	ほろびる	5
滅ぼす	ほろぼす	5
滅亡	めつぼう	5
滅多に	めったに	3
滑らか	なめらか	5
滑る	すべる	2
滑稽	こっけい	5
滝	たき	4
滞る	とどこおる	5
滞在	たいざい	3
滞納	たいのう	5
滲む	にじむ	5
滴	てき	4
漁師	りょうし	4
漁村	ぎょそん	5
漁業	ぎょぎょう	4
漁船	ぎょせん	5
漂う	ただよう	5
漏らす	もらす	5
漏る	もる	5
漏れる	もれる	5
演じる	えんじる	5
演ずる	えんずる	5
演出	えんしゅつ	5
演劇	えんげき	4
演奏	えんそう	3
演技	えんぎ	3
演説	えんぜつ	3
漠然	ばくぜん	5
漢和	かんわ	4
漢字	かんじ	1
漢語	かんご	5
漫画	まんが	2
漬ける	つける	2
漸く	ようやく	4
潜る	もぐる	4
潜入	せんにゅう	5
潜水	せんすい	5
潤う	うるおう	5
潮	しお	5
潰す	つぶす	4
潰れる	つぶれる	4
澄ます	すます	5
澄む	すむ	3
激しい	はげしい	3
激励	げきれい	5
激増	げきぞう	4
濁る	にごる	4
濃い	こい	3
濃度	のうど	4
濠	ほり	3
濡らす	ぬらす	3
濡れる	ぬれる	2
濫用	らんよう	5
濯ぐ	すすぐ	5
濯ぐ	ゆすぐ	5
瀬戸物	せともの	4
灌漑	かんがい	5
火	ひ	2
火事	かじ	2
火傷	やけど	4
火口	かこう	4
火山	かざん	4
火星	かせい	5
火曜日	かようび	1
火災	かさい	3
火花	ひばな	5
灯	ひ	3
灯台	とうだい	4
灯油	とうゆ	4
灰	はい	3
灰皿	はいざら	1
灰色	はいいろ	4
災害	さいがい	5
災難	さいなん	4
炊く	たく	3
炊事	すいじ	4
炎	ほのお	3
炒める	いためる	3
炒る	いる	4
炭素	たんそ	5
炭鉱	たんこう	4
点	てん	2
点々	てんてん	4
点く	つく	2
点数	てんすう	4
点検	てんけん	5
点線	てんせん	5
為	ため	2
為す	なす	4
為る	する	3
為る	なる	3
為替	かわせ	4
焚く	たく	3
焚火	たきび	5
無	ぶ	3
無	む	3
無くす	なくす	1
無くなる	なくなる	2
無し	なし	3
無事	ぶじ	3
無効	むこう	5
無口	むくち	5
無地	むじ	4
無念	むねん	5
無意味	むいみ	5
無数	むすう	4
無料	むりょう	3
無断	むだん	5
無沙汰	ぶさた	4
無理	むり	2
無用	むよう	5
無知	むち	5
無礼	ぶれい	5
無線	むせん	5
無能	むのう	5
無茶	むちゃ	5
無茶苦茶	むちゃくちゃ	5
無視	むし	3
無言	むごん	5
無論	むろん	5
無邪気	むじゃき	5
無闇に	むやみに	5
無限	むげん	4
無難	ぶなん	5
無駄	むだ	3
無駄遣い	むだづかい	5
焦がす	こがす	4
焦げる	こげる	4
焦げ茶	こげちゃ	5
焦る	あせる	5
焦点	しょうてん	4
焼く	やく	2
焼ける	やける	2
煉瓦	れんが	4
煌々と	こうこうと	5
煎る	いる	4
煙	けむり	3
煙い	けむい	4
煙たい	けむたい	5
煙る	けむる	5
煙突	えんとつ	4
照らす	てらす	4
照り返す	てりかえす	5
照る	てる	4
照合	しょうごう	5
照明	しょうめい	3
煩わしい	わずらわしい	5
煮える	にえる	3
煮る	にる	3
熟語	じゅくご	4
熱	ねつ	2
熱い	あつい	1
熱する	ねっする	4
熱中	ねっちゅう	3
熱帯	ねったい	3
熱心	ねっしん	2
熱意	ねつい	5
熱湯	ねっとう	5
熱量	ねつりょう	5
燃える	もえる	3
燃やす	もやす	3
燃料	ねんりょう	5
燃焼	ねんしょう	5
爆弾	ばくだん	5
爆発	ばくはつ	3
爆破	ばくは	5
爪	つめ	4
父	ちち	1
父母	ふぼ	4
父親	ちちおや	3
片	かた	5
片付く	かたづく	3
片付け	かたづけ	3
片付ける	かたづける	2
片仮名	かたかな	1
片寄る	かたよる	4
片言	かたこと	5
片道	かたみち	4
版	はん	3
版画	はんが	5
牛	うし	3
牛乳	ぎゅうにゅう	1
牛肉	ぎゅうにく	1
牧場	ぼくじょう	4
牧師	ぼくし	5
牧畜	ぼくちく	4
物	もの	1
物事	ものごと	3
物体	ぶったい	5
物価	ぶっか	3
物凄い	ものすごい	4
物好き	ものずき	5
物差し	ものさし	4
物理	ぶつり	3
物置	ものおき	4
物語	ものがたり	3
物語る	ものがたる	4
物議	ぶつぎ	5
物資	ぶっし	5
物質	ぶっしつ	3
物足りない	ものたりない	5
物音	ものおと	3
物騒	ぶっそう	4
特に	とくに	2
特別	とくべつ	2
特売	とくばい	4
特定	とくてい	4
特徴	とくちょう	3
特急	とっきゅう	2
特技	とくぎ	5
特有	とくゆう	5
特権	とっけん	5
特殊	とくしゅ	4
特派	とくは	5
特産	とくさん	5
特色	とくしょく	4
特許	とっきょ	5
特長	とくちょう	3
特集	とくしゅう	5
犠牲	ぎせい	5
犬	いぬ	1
犯す	おかす	5
犯人	はんにん	3
犯罪	はんざい	3
状態	じょうたい	3
状況	じょうきょう	3
狂	きょう	5
狂う	くるう	3
狙い	ねらい	4
狙う	ねらう	4
狡い	ずるい	4
狩り	かり	3
独り	ひとり	3
独り言	ひとりごと	4
独創	どくそう	5
独占	どくせん	5
独特	どくとく	3
独立	どくりつ	3
独自	どくじ	5
独裁	どくさい	5
独身	どくしん	3
狭い	せまい	1
猛烈	もうれつ	5
猫	ねこ	1
献立	こんだて	4
猿	さる	3
獣	けだもの	5
獣	けもの	5
獲得	かくとく	5
獲物	えもの	5
玄人	くろうと	5
玄関	げんかん	1
率	りつ	3
率いる	ひきいる	5
率直	そっちょく	4
玉	たま	3
王	おう	3
王女	おうじょ	4
王子	おうじ	3
王様	おうさま	3
玩具	がんぐ	5
珍しい	めずらしい	2
班	はん	3
現	げん	4
現す	あらわす	3
現に	げんに	4
現れ	あらわれ	3
現れる	あらわれる	3
現代	げんだい	3
現像	げんぞう	5
現在	げんざい	3
現地	げんち	5
現場	げんば	3
現実	げんじつ	3
現状	げんじょう	3
現行	げんこう	5
現象	げんしょう	3
現金	げんきん	3
球	きゅう	3
球	たま	3
球根	きゅうこん	5
理屈	りくつ	5
理性	りせい	5
理想	りそう	3
理由	りゆう	2
理科	りか	4
理解	りかい	3
理論	りろん	5
琴	きん	4
琴	こと	3
環境	かんきょう	3
瓦	かわら	4
瓶	びん	3
瓶詰	びんづめ	4
甘い	あまい	1
甘える	あまえる	5
甘やかす	あまやかす	4
甘口	あまくち	5
甚だ	はなはだ	5
甚だしい	はなはだしい	4
生	せい	3
生	なま	3
生える	はえる	3
生かす	いかす	5
生きる	いきる	2
生き物	いきもの	3
生き生き	いきいき	4
生き甲斐	いきがい	5
生ける	いける	5
生け花	いけばな	4
生じる	しょうじる	3
生ずる	しょうずる	4
生まれ	うまれ	3
生まれつき	うまれつき	5
生まれる	うまれる	1
生やす	はやす	3
生る	なる	3
生命	せいめい	3
生地	きじ	3
生存	せいぞん	4
生年月日	せいねんがっぴ	3
生徒	せいと	1
生意気	なまいき	4
生意気な	なまいきな	4
生死	せいし	5
生活	せいかつ	2
生涯	しょうがい	3
生温い	なまぬるい	5
生物	せいぶつ	3
生理	せいり	3
生産	せいさん	2
生真面目	きまじめ	5
生育	せいいく	5
生臭い	なまぐさい	5
生計	せいけい	5
生身	なまみ	5
生長	せいちょう	3
産	さん	4
産む	うむ	3
産休	さんきゅう	5
産出	さんしゅつ	5
産地	さんち	4
産婦人科	さんふじんか	5
産後	さんご	5
産業	さんぎょう	2
産物	さんぶつ	5
用	よう	2
用いる	もちいる	3
用事	ようじ	2
用件	ようけん	5
用品	ようひん	5
用心	ようじん	3
用意	ようい	2
用法	ようほう	5
用紙	ようし	5
用語	ようご	4
用途	ようと	4
田	た	3
田ぼ	たんぼ	4
田園	でんえん	5
田植え	たうえ	4
田舎	いなか	2
甲	こう	5
申し上げる	もうしあげる	2
申し入れる	もうしいれる	5
申し出る	もうしでる	5
申し分	もうしぶん	5
申し訳	もうしわけ	3
申し訳ない	もうしわけない	4
申し込む	もうしこむ	3
申す	もうす	2
申出	もうしで	5
申告	しんこく	3
申請	しんせい	4
申込	もうしこみ	5
男	おとこ	1
男の人	おとこのひと	3
男の子	おとこのこ	1
男子	だんし	3
男性	だんせい	2
町	ちょう	2
町	まち	1
画	かく	5
画	が	4
画家	がか	3
界	かい	5
畑	はたけ	3
留まる	とどまる	4
留まる	とまる	4
留める	とめる	3
留学	りゅうがく	3
留学生	りゅうがくせい	1
留守	るす	2
留守番	るすばん	4
畜生	ちくしょう	5
畜産	ちくさん	5
略す	りゃくす	4
略奪	りゃくだつ	5
略語	りゃくご	5
番	ばん	1
番号	ばんごう	1
番地	ばんち	4
番目	ばんめ	4
番組	ばんぐみ	2
異	い	3
異なる	ことなる	3
異動	いどう	3
異常	いじょう	3
異性	いせい	5
異見	いけん	5
異論	いろん	5
異議	いぎ	5
畳	じょう	4
畳	たたみ	2
畳む	たたむ	3
疑う	うたがう	3
疑問	ぎもん	3
疑惑	ぎわく	5
疲れ	つかれ	3
疲れる	つかれる	1
疲労	ひろう	5
病	びょう	4
病む	やむ	5
病気	びょうき	1
病院	びょういん	1
症	しょう	5
症状	しょうじょう	3
痛い	いたい	1
痛み	いたみ	3
痛切	つうせつ	5
痛感	つうかん	5
痩せる	やせる	2
癌	がん	3
癖	くせ	3
発	はつ	4
発作	ほっさ	5
発売	はつばい	4
発射	はっしゃ	3
発展	はってん	3
発想	はっそう	4
発掘	はっくつ	5
発揮	はっき	4
発明	はつめい	3
発生	はっせい	5
発病	はつびょう	5
発育	はついく	5
発芽	はつが	5
発行	はっこう	3
発表	はっぴょう	3
発見	はっけん	3
発言	はつげん	5
発足	ほっそく	5
発車	はっしゃ	3
発達	はったつ	3
発電	はつでん	4
発音	はつおん	2
登る	のぼる	1
登場	とうじょう	4
登山	とざん	3
登校	とうこう	5
登録	とうろく	5
白	しろ	1
白い	しろい	1
白状	はくじょう	5
白髪	しらが	4
百	ひゃく	1
百科事典	ひゃっかじてん	4
的確	てきかく	4
皆	みな	2
皆さん	みなさん	1
皇居	こうきょ	5
皮	かわ	3
皮肉	ひにく	4
皮膚	ひふ	4
皿	さら	3
盆	ぼん	4
盆地	ぼんち	4
盗む	ぬすむ	2
盗難	とうなん	4
盛り	さかり	3
盛り上がる	もりあがる	5
盛る	もる	4
盛ん	さかん	2
盛大	せいだい	5
盛装	せいそう	5
監督	かんとく	3
監視	かんし	5
目	め	1
目上	めうえ	3
目下	めした	4
目下	もっか	5
目付き	めつき	5
目印	めじるし	4
目安	めやす	4
目指す	めざす	4
目方	めかた	5
目標	もくひょう	3
目次	もくじ	4
目的	もくてき	3
目盛	めもり	5
目立つ	めだつ	4
目覚し	めざまし	4
目覚しい	めざましい	5
目覚める	めざめる	5
目論見	もくろみ	5
目途	めど	5
目録	もくろく	5
盲点	もうてん	5
直	じき	3
直す	なおす	2
直ちに	ただちに	3
直に	じかに	3
直る	なおる	2
直前	ちょくぜん	4
直径	ちょっけい	4
直後	ちょくご	4
直感	ちょっかん	5
直接	ちょくせつ	3
直流	ちょくりゅう	4
直線	ちょくせん	4
直角	ちょっかく	4
直通	ちょくつう	4
直面	ちょくめん	5
相	そう	3
相互	そうご	4
相場	そうば	5
相変わらず	あいかわらず	3
相対	そうたい	5
相当	そうとう	3
相応	そうおう	5
相手	あいて	3
相撲	すもう	4
相続	そうぞく	3
相談	そうだん	2
相違	そうい	4
盾	たて	3
省	しょう	4
省く	はぶく	3
省みる	かえりみる	5
省略	しょうりゃく	3
眉	まゆ	5
看板	かんばん	4
看病	かんびょう	4
看護	かんご	5
看護婦	かんごふ	2
県	けん	3
県庁	けんちょう	4
真っ二つ	まっぷたつ	5
真っ先	まっさき	4
真っ暗	まっくら	4
真っ白	まっしろ	4
真っ赤	まっか	3
真っ青	まっさお	4
真っ黒	まっくろ	4
真ん丸い	まんまるい	5
真ん円い	まんまるい	5
真ん前	まんまえ	5
真上	まうえ	5
真下	ました	5
真中	まんなか	2
真似	まね	3
真似る	まねる	4
真剣	しんけん	3
真実	しんじつ	5
真心	まごころ	5
真珠	しんじゅ	5
真理	しんり	3
真相	しんそう	5
真空	しんくう	4
真面目	まじめ	2
眠い	ねむい	2
眠たい	ねむたい	5
眠る	ねむる	2
眺め	ながめ	3
眺める	ながめる	3
眼球	がんきゅう	5
眼科	がんか	5
眼鏡	めがね	1
着	ちゃく	4
着々	ちゃくちゃく	4
着く	つく	1
着ける	つける	3
着せる	きせる	4
着る	きる	1
着工	ちゃっこう	5
着席	ちゃくせき	5
着手	ちゃくしゅ	5
着替え	きがえ	4
着替える	きがえる	4
着物	きもの	2
着目	ちゃくもく	5
着色	ちゃくしょく	5
着陸	ちゃくりく	5
着飾る	きかざる	5
睡眠	すいみん	3
睨む	にらむ	4
瞬き	まばたき	5
瞬間	しゅんかん	3
瞳	ひとみ	4
矛盾	むじゅん	4
矢	や	5
矢印	やじるし	4
知らせ	しらせ	3
知らせる	しらせる	2
知り合い	しりあい	4
知る	しる	1
知事	ちじ	3
知人	ちじん	4
知合い	しりあい	3
知性	ちせい	5
知恵	ちえ	3
知的	ちてき	5
知能	ちのう	3
知識	ちしき	3
短	たん	4
短い	みじかい	1
短大	たんだい	5
短所	たんしょ	4
短期	たんき	4
短歌	たんか	5
短気	たんき	5
短波	たんぱ	5
短編	たんぺん	4
短縮	たんしゅく	5
石	いし	2
石油	せきゆ	3
石炭	せきたん	3
石鹸	せっけん	1
砂	すな	2
砂利	じゃり	5
砂漠	さばく	3
砂糖	さとう	1
研ぐ	とぐ	5
研修	けんしゅう	4
研究	けんきゅう	2
研究室	けんきゅうしつ	2
砕く	くだく	4
砕ける	くだける	4
破く	やぶく	4
破る	やぶる	3
破れる	やぶれる	3
破壊	はかい	5
破損	はそん	5
破棄	はき	5
破片	はへん	4
破産	はさん	3
破裂	はれつ	5
硬	かたい	2
硬い	かたい	3
硬貨	こうか	3
碁	ご	3
碁盤	ごばん	5
碑	ひ	3
碗	わん	3
確か	たしか	2
確かめる	たしかめる	3
確保	かくほ	5
確信	かくしん	5
確定	かくてい	5
確実	かくじつ	3
確率	かくりつ	4
確立	かくりつ	5
確認	かくにん	3
磁器	じき	3
磁気	じき	3
磁石	じしゃく	4
磨く	みがく	1
示す	しめす	3
礼	れい	3
礼儀	れいぎ	3
社	しゃ	4
社交	しゃこう	5
社会	しゃかい	2
社会科学	しゃかいかがく	4
社宅	しゃたく	5
社説	しゃせつ	4
社長	しゃちょう	2
祈り	いのり	5
祈る	いのる	2
祖先	そせん	4
祖母	そぼ	2
祖父	そふ	2
祝い	いわい	3
祝う	いわう	3
祝日	しゅくじつ	4
祝賀	しゅくが	5
神	かみ	3
神様	かみさま	4
神殿	しんでん	5
神社	じんじゃ	2
神秘	しんぴ	5
神経	しんけい	3
神聖	しんせい	5
神話	しんわ	4
票	ひょう	3
祭	まつり	3
祭る	まつる	4
祭日	さいじつ	4
禁じる	きんじる	5
禁止	きんし	3
禁煙	きんえん	3
禁物	きんもつ	5
禅	ぜん	3
福	ふく	3
福祉	ふくし	5
私	わたくし	1
私	わたし	1
私有	しゆう	5
私物	しぶつ	5
私用	しよう	3
私立	しりつ	4
私鉄	してつ	4
秋	あき	1
科	か	4
科学	かがく	2
科目	かもく	3
秒	びょう	3
秘密	ひみつ	3
秘書	ひしょ	5
秤	はかり	4
秩序	ちつじょ	5
称する	しょうする	5
移る	うつる	2
移住	いじゅう	5
移動	いどう	3
移民	いみん	5
移行	いこう	5
移転	いてん	4
稀	まれ	4
程	ほど	2
程度	ていど	3
税	ぜい	3
税務署	ぜいむしょ	5
税金	ぜいきん	3
税関	ぜいかん	4
種	しゅ	5
種	たね	3
種々	しゅじゅ	5
種類	しゅるい	3
稲	いね	3
稲光	いなびかり	5
稼ぐ	かせぐ	3
稽古	けいこ	4
穀物	こくもつ	3
穂	ほ	5
積む	つむ	3
積もる	つもる	3
積極的	せっきょくてき	3
穏やか	おだやか	3
穴	あな	3
究極	きゅうきょく	5
空	から	3
空	くう	4
空	そら	1
空き	あき	3
空く	あく	2
空く	すく	2
空しい	むなしい	5
空っぽ	からっぽ	4
空ろ	うつろ	5
空中	くうちゅう	4
空想	くうそう	4
空気	くうき	2
空港	くうこう	2
空腹	くうふく	5
空間	くうかん	5
突き当たり	つきあたり	4
突き当たる	つきあたる	4
突く	つく	3
突く	つつく	5
突っ張る	つっぱる	5
突っ突く	つっつく	5
突っ込む	つっこむ	4
突如	とつじょ	5
突然	とつぜん	3
突破	とっぱ	5
窒息	ちっそく	5
窓	まど	1
窓口	まどぐち	4
窮乏	きゅうぼう	5
窮屈	きゅうくつ	5
立ち上がる	たちあがる	3
立ち去る	たちさる	5
立ち寄る	たちよる	5
立ち止まる	たちどまる	4
立つ	たつ	1
立てる	たてる	2
立て替える	たてかえる	5
立体	りったい	5
立場	たちば	3
立方	りっぽう	5
立法	りっぽう	5
章	しょう	3
童話	どうわ	4
童謡	どうよう	3
端	はし	3
競争	きょうそう	2
競技	きょうぎ	3
競馬	けいば	4
竹	たけ	4
竿	さお	5
笑い	わらい	3
笑う	わらう	2
笑顔	えがお	3
笛	ふえ	3
符号	ふごう	4
第	だい	4
筆	ふで	3
筆者	ひっしゃ	4
筆記	ひっき	4
等	とう	4
等	ら	4
等しい	ひとしい	3
等分	とうぶん	4
等級	とうきゅう	5
筋	すじ	3
筋肉	きんにく	3
筒	つつ	5
答	こたえ	2
答える	こたえる	1
答案	とうあん	3
策	さく	3
箇所	かしょ	4
箇条書	かじょうがき	5
箒	ほうき	4
算数	さんすう	4
算盤	そろばん	4
管	かん	3
管	くだ	3
管理	かんり	3
箱	はこ	1
箸	はし	1
節	せつ	3
節	ふし	3
節約	せつやく	3
範囲	はんい	3
築く	きずく	3
簡単	かんたん	2
簡易	かんい	5
簡潔	かんけつ	5
簡素	かんそ	5
籠	かご	3
籠もる	こもる	5
米	こめ	2
粉	こな	3
粉々	こなごな	5
粉末	ふんまつ	5
粋	いき	3
粋	すい	5
粒	つぶ	4
粗	あら	3
粗い	あらい	4
粗末	そまつ	3
粗筋	あらすじ	4
粘り	ねばり	5
粘る	ねばる	5
粥	かゆ	5
精々	せいぜい	3
精密	せいみつ	5
精巧	せいこう	3
精神	せいしん	3
精算	せいさん	3
糊	のり	4
糸	いと	2
系	けい	4
系統	けいとう	4
約	やく	3
約束	やくそく	2
紅茶	こうちゃ	1
紅葉	こうよう	4
紅葉	もみじ	4
納まる	おさまる	5
納める	おさめる	3
納入	のうにゅう	5
納得	なっとく	3
紐	ひも	3
純情	じゅんじょう	4
純粋	じゅんすい	4
紙	かみ	1
紙	し	4
紙屑	かみくず	4
紙幣	しへい	4
級	きゅう	3
紛らわしい	まぎらわしい	5
紛れる	まぎれる	5
紛争	ふんそう	5
紛失	ふんしつ	5
素	もと	3
素っ気無い	そっけない	5
素人	しろうと	4
素早い	すばやい	5
素晴らしい	すばらしい	2
素朴	そぼく	5
素材	そざい	5
素直	すなお	4
素質	そしつ	4
紡績	ぼうせき	5
索引	さくいん	4
紫	むらさき	4
細い	ほそい	1
細かい	こまかい	2
細やか	こまやか	5
細工	さいく	5
細胞	さいぼう	5
細菌	さいきん	5
紳士	しんし	5
紹介	しょうかい	2
紺	こん	4
終える	おえる	3
終る	おわる	1
終わり	おわり	2
終了	しゅうりょう	4
終始	しゅうし	5
終日	しゅうじつ	5
終点	しゅうてん	4
組	くみ	3
組み合わせる	くみあわせる	5
組み立てる	くみたてる	4
組み込む	くみこむ	5
組む	くむ	3
組合	くみあい	3
組合せ	くみあわせ	4
組織	そしき	3
経つ	たつ	3
経る	へる	3
経営	けいえい	3
経度	けいど	4
経歴	けいれき	5
経済	けいざい	2
経由	けいゆ	3
経緯	けいい	3
経費	けいひ	5
経路	けいろ	5
経過	けいか	5
経験	けいけん	2
結び	むすび	5
結び付き	むすびつき	5
結び付く	むすびつく	5
結び付ける	むすびつける	5
結ぶ	むすぶ	3
結合	けつごう	5
結婚	けっこん	1
結局	けっきょく	3
結成	けっせい	5
結晶	けっしょう	5
結束	けっそく	5
結果	けっか	3
結核	けっかく	5
結構	けっこう	1
結論	けつろん	3
絞る	しぼる	4
絡む	からむ	5
給う	たまう	5
給与	きゅうよ	4
給仕	きゅうじ	5
給料	きゅうりょう	3
給食	きゅうしょく	5
統一	とういつ	4
統制	とうせい	5
統合	とうごう	5
統治	とうち	5
統率	とうそつ	5
統計	とうけい	4
絵	え	1
絵の具	えのぐ	4
絵画	かいが	3
絶えず	たえず	4
絶える	たえる	5
絶対	ぜったい	3
絶滅	ぜつめつ	3
絶版	ぜっぱん	5
絹	きぬ	2
継ぐ	つぐ	3
継目	つぎめ	5
継続	けいぞく	4
続々	ぞくぞく	4
続き	つづき	3
続く	つづく	2
続ける	つづける	2
維持	いじ	3
綱	つな	4
網	あみ	5
網	もう	5
綴じる	とじる	3
綺麗	きれい	1
綻びる	ほころびる	5
綿	めん	3
綿	わた	3
緊張	きんちょう	3
緊急	きんきゅう	5
総	そう	4
総会	そうかい	5
総合	そうごう	5
総理大臣	そうりだいじん	4
緑	みどり	1
線	せん	2
線路	せんろ	4
締める	しめる	1
締め切り	しめきり	4
締め切る	しめきる	4
締切	しめきり	4
編み物	あみもの	4
編む	あむ	4
編集	へんしゅう	4
緩い	ゆるい	4
緩む	ゆるむ	5
緩める	ゆるめる	5
緩やか	ゆるやか	5
緩和	かんわ	5
緯度	いど	4
練る	ねる	5
練習	れんしゅう	1
縁	えん	3
縁	ふち	3
縁	へり	5
縁側	えんがわ	5
縁談	えんだん	5
縄	なわ	3
縛る	しばる	4
縞	しま	4
縫う	ぬう	4
縮まる	ちぢまる	5
縮む	ちぢむ	4
縮める	ちぢめる	4
縮れる	ちぢれる	4
縮小	しゅくしょう	4
繁栄	はんえい	5
繁殖	はんしょく	5
繁盛	はんじょう	5
繊維	せんい	5
繋がり	つながり	4
繋がる	つながる	3
繋ぐ	つなぐ	3
繋げる	つなげる	3
織る	おる	3
織物	おりもの	5
繕う	つくろう	5
繰り返す	くりかえす	3
纏まり	まとまり	5
纏め	まとめ	5
缶	かん	3
缶詰	かんづめ	4
罪	つみ	3
置く	おく	1
罰	ばつ	5
罰する	ばっする	3
署	しょ	5
署名	しょめい	3
罵る	ののしる	5
罹る	かかる	3
羊毛	ようもう	4
美	び	5
美しい	うつくしい	2
美人	びじん	3
美味しい	おいしい	1
美容	びよう	4
美術	びじゅつ	5
美術館	びじゅつかん	2
群	ぐん	3
群がる	むらがる	5
群れ	むれ	4
群衆	ぐんしゅう	5
群集	ぐんしゅう	5
羨ましい	うらやましい	3
羨む	うらやむ	4
義務	ぎむ	3
義理	ぎり	5
羽	はね	3
羽	わ	4
羽根	はね	3
翌	よく	4
習う	ならう	1
習字	しゅうじ	4
習慣	しゅうかん	2
翻訳	ほんやく	2
翼	つばさ	3
老い	おい	3
老いる	おいる	5
老ける	ふける	5
老人	ろうじん	3
老衰	ろうすい	5
考え	かんがえ	3
考える	かんがえる	2
考古学	こうこがく	5
考慮	こうりょ	3
者	しゃ	4
者	もの	3
耐える	たえる	5
耕す	たがやす	4
耕作	こうさく	5
耕地	こうち	4
耳	みみ	1
耳鼻科	じびか	5
耽る	ふける	5
聖書	せいしょ	5
聞き取り	ききとり	5
聞く	きく	1
聞こえる	きこえる	2
聳える	そびえる	5
聴覚	ちょうかく	5
聴診器	ちょうしんき	5
聴講	ちょうこう	5
職	しょく	3
職人	しょくにん	4
職務	しょくむ	5
職員	しょくいん	5
職場	しょくば	4
職業	しょくぎょう	3
肉	にく	1
肉体	にくたい	5
肉親	にくしん	5
肌	はだ	3
肌着	はだぎ	4
肘	ひじ	4
肝心	かんじん	5
肝腎	かんじん	5
股	また	3
股	もも	5
肩	かた	3
肯定	こうてい	4
育ち	そだち	5
育つ	そだつ	3
育てる	そだてる	2
育児	いくじ	4
育成	いくせい	5
肺	はい	3
胃	い	3
背	せい	1
背く	そむく	5
背中	せなか	2
背広	せびろ	1
背後	はいご	5
背景	はいけい	5
背負う	せおう	4
胡椒	こしょう	3
胴	どう	5
胸	むね	3
能	のう	3
能力	のうりょく	3
能率	のうりつ	4
脂	あぶら	3
脂肪	しぼう	3
脅かす	おどかす	4
脅かす	おびやかす	5
脅す	おどす	5
脅迫	きょうはく	5
脆い	もろい	5
脇	わき	3
脈	みゃく	5
脚	あし	1
脚本	きゃくほん	5
脚色	きゃくしょく	5
脱ぐ	ぬぐ	1
脱する	だっする	5
脱出	だっしゅつ	5
脱線	だっせん	4
脱退	だったい	5
脳	のう	3
腐る	くさる	3
腐敗	ふはい	5
腕	うで	2
腕前	うでまえ	5
腫れる	はれる	5
腰	こし	3
腰掛	こしかけ	4
腰掛け	こしかけ	4
腰掛ける	こしかける	4
腸	ちょう	5
腹	はら	3
腹立ち	はらだち	5
腿	もも	5
膜	まく	3
膝	ひざ	3
膨らます	ふくらます	4
膨らむ	ふくらむ	4
膨れる	ふくれる	5
膨大	ぼうだい	4
膨張	ぼうちょう	5
膳	ぜん	3
臆病	おくびょう	5
臨む	のぞむ	3
臨時	りんじ	4
自ずから	おのずから	5
自ら	みずから	4
自主	じしゅ	5
自分	じぶん	1
自動	じどう	3
自動車	じどうしゃ	1
自在	じざい	5
自宅	じたく	4
自尊心	じそんしん	5
自己	じこ	3
自慢	じまん	3
自我	じが	5
自殺	じさつ	3
自治	じち	4
自然	しぜん	3
自然科学	しぜんかがく	4
自由	じゆう	2
自立	じりつ	5
自習	じしゅう	4
自衛	じえい	4
自覚	じかく	5
自身	じしん	3
自転	じてん	5
自転車	じてんしゃ	1
自首	じしゅ	5
臭い	くさい	3
至る	いたる	3
至急	しきゅう	3
致す	いたす	2
興じる	きょうじる	5
興味	きょうみ	2
興奮	こうふん	3
興業	こうぎょう	5
舌	した	3
舗装	ほそう	5
舞う	まう	5
舞台	ぶたい	3
舟	ふね	2
航海	こうかい	3
航空	こうくう	3
船	せん	4
船便	ふなびん	4
船舶	せんぱく	5
艘	そう	4
良い	よい	3
良し	よし	5
良好	りょうこう	5
良心	りょうしん	5
良識	りょうしき	5
良質	りょうしつ	5
色	いろ	1
色	しょく	4
色々	いろいろ	1
色彩	しきさい	5
艶	つや	4
芝	しば	5
芝居	しばい	3
芝生	しばふ	3
芯	しん	4
花	はな	1
花びら	はなびら	5
花壇	かだん	5
花嫁	はなよめ	4
花火	はなび	4
花瓶	かびん	1
花粉	かふん	5
花見	はなみ	2
芸	げい	5
芸能	げいのう	4
芸術	げいじゅつ	3
芽	め	3
苗	なえ	5
若々しい	わかわかしい	4
若い	わかい	1
若干	じゃっかん	5
苦	く	3
苦い	にがい	2
苦しい	くるしい	3
苦しむ	くるしむ	3
苦労	くろう	3
苦心	くしん	4
苦情	くじょう	4
苦手	にがて	3
苦痛	くつう	3
英和	えいわ	4
英字	えいじ	5
英文	えいぶん	4
英語	えいご	1
英雄	えいゆう	5
茂る	しげる	4
茎	くき	5
茶	ちゃ	3
茶の湯	ちゃのゆ	5
茶の間	ちゃのま	5
茶碗	ちゃわん	1
茶色	ちゃいろ	1
茶色い	ちゃいろい	4
茹でる	ゆでる	3
草	くさ	2
草履	ぞうり	4
荒い	あらい	4
荒っぽい	あらっぽい	5
荒らす	あらす	5
荒れる	あれる	4
荒廃	こうはい	3
荷	に	5
荷物	にもつ	1
荷造り	にづくり	5
莫大	ばくだい	3
菌	きん	3
菓子	かし	3
華々しい	はなばなしい	5
華やか	はなやか	5
華奢	きゃしゃ	5
萎びる	しなびる	5
萎む	しぼむ	4
落し物	おとしもの	4
落す	おとす	2
落ち着き	おちつき	5
落ち込む	おちこむ	5
落る	おちる	2
落下	らっか	5
落着く	おちつく	4
落第	らくだい	4
落葉	おちば	5
葉	は	2
葉書	はがき	1
著	ちょ	5
著しい	いちじるしい	5
著す	あらわす	3
著名	ちょめい	5
著書	ちょしょ	5
著者	ちょしゃ	3
葬る	ほうむる	5
葬式	そうしき	4
蒔く	まく	3
蒸し暑い	むしあつい	3
蒸す	ふす	4
蒸す	むす	3
蒸気	じょうき	4
蒸溜	じょうりゅう	5
蒸発	じょうはつ	4
蓄える	たくわえる	4
蓄積	ちくせき	5
蓋	ふた	4
蔵	くら	5
蔵相	ぞうしょう	5
蕎麦	そば	3
蕾	つぼみ	5
薄い	うすい	1
薄める	うすめる	4
薄弱	はくじゃく	5
薄暗い	うすぐらい	4
薬	くすり	1
薬	やく	5
薬品	やくひん	4
薬局	やっきょく	4
薬指	くすりゆび	4
藁	わら	5
蘇る	よみがえる	4
虎	とら	3
虫	むし	2
虫歯	むしば	3
虹	にじ	4
蚊	か	3
蛇口	じゃぐち	4
蛋白質	たんぱくしつ	5
蛍光灯	けいこうとう	4
蜂蜜	はちみつ	5
蝶	ちょう	5
融資	ゆうし	5
融通	ゆうずう	5
血	ち	2
血圧	けつあつ	4
血液	けつえき	3
血管	けっかん	3
衆	しゅう	3
衆議院	しゅうぎいん	5
行	ぎょう	4
行い	おこない	5
行う	おこなう	2
行き	いき	3
行き	ゆき	3
行き違い	いきちがい	5
行く	いく	1
行く	ゆく	1
行っていらっしゃい	いっていらっしゃい	4
行ってらっしゃい	いってらっしゃい	4
行事	ぎょうじ	4
行儀	ぎょうぎ	3
行列	ぎょうれつ	4
行動	こうどう	3
行政	ぎょうせい	5
行方	ゆくえ	4
行為	こうい	5
行進	こうしん	5
街	がい	5
街	まち	3
街角	まちかど	4
街道	かいどう	5
街頭	がいとう	5
衛星	えいせい	3
衝撃	しょうげき	5
衝突	しょうとつ	3
衣料	いりょう	3
衣服	いふく	3
衣装	いしょう	5
衣類	いるい	5
衣食住	いしょくじゅう	4
表	おもて	2
表	ひょう	3
表す	あらわす	3
表情	ひょうじょう	3
表現	ひょうげん	3
表示	ひょうじ	3
表紙	ひょうし	4
表面	ひょうめん	3
衰える	おとろえる	5
袋	ふくろ	3
袖	そで	3
被せる	かぶせる	4
被る	かぶる	3
被害	ひがい	3
裁く	さばく	3
裁判	さいばん	3
裁縫	さいほう	4
裂く	さく	3
裂ける	さける	3
装備	そうび	5
装置	そうち	3
装飾	そうしょく	5
裏	うら	2
裏切る	うらぎる	3
裏口	うらぐち	4
裏返し	うらがえし	5
裏返す	うらがえす	4
補う	おぎなう	4
補償	ほしょう	3
補充	ほじゅう	5
補助	ほじょ	5
補強	ほきょう	5
補給	ほきゅう	5
補足	ほそく	5
裸	はだか	3
裸足	はだし	5
製	せい	2
製作	せいさく	4
製品	せいひん	3
製法	せいほう	5
製造	せいぞう	3
製鉄	せいてつ	5
裾	すそ	5
複写	ふくしゃ	4
複合	ふくごう	5
複数	ふくすう	4
複雑	ふくざつ	2
褒める	ほめる	2
褒美	ほうび	5
襖	ふすま	4
襟	えり	5
襲う	おそう	5
襲撃	しゅうげき	5
西	にし	1
西日	にしび	5
西暦	せいれき	4
西洋	せいよう	2
要する	ようする	5
要するに	ようするに	3
要る	いる	1
要因	よういん	5
要旨	ようし	4
要望	ようぼう	5
要求	ようきゅう	3
要点	ようてん	3
要素	ようそ	3
要請	ようせい	5
要領	ようりょう	4
覆う	おおう	3
覆す	くつがえす	5
覆面	ふくめん	5
見える	みえる	2
見せびらかす	みせびらかす	5
見せる	みせる	1
見せ物	みせもの	5
見つかる	みつかる	2
見つける	みつける	2
見なす	みなす	5
見る	みる	1
見上げる	みあげる	4
見下ろす	みおろす	4
見事	みごと	3
見出し	みだし	4
見合い	みあい	5
見合わせる	みあわせる	5
見地	けんち	5
見学	けんがく	4
見当	けんとう	3
見慣れる	みなれる	4
見掛け	みかけ	4
見掛ける	みかける	3
見晴らし	みはらし	5
見本	みほん	4
見渡す	みわたす	5
見物	けんぶつ	2
見直す	みなおす	4
見積もり	みつもり	5
見習う	みならう	5
見舞い	みまい	3
見舞う	みまう	4
見苦しい	みぐるしい	5
見落とす	みおとす	5
見解	けんかい	3
見計らう	みはからう	5
見詰める	みつめる	4
見込み	みこみ	5
見送り	みおくり	3
見送る	みおくる	4
見逃す	みのがす	5
見通し	みとおし	5
規制	きせい	3
規則	きそく	2
規定	きてい	5
規律	きりつ	4
規格	きかく	5
規模	きぼ	5
規準	きじゅん	4
規範	きはん	5
規約	きやく	5
視察	しさつ	5
視点	してん	3
視覚	しかく	3
視野	しや	5
覗く	のぞく	3
覚え	おぼえ	5
覚える	おぼえる	1
覚ます	さます	3
覚める	さめる	3
覚悟	かくご	3
親	おや	2
親しい	したしい	3
親しむ	したしむ	5
親切	しんせつ	2
親友	しんゆう	3
親善	しんぜん	5
親戚	しんせき	3
親指	おやゆび	4
親父	おやじ	5
親類	しんるい	4
観	かん	3
観光	かんこう	3
観客	かんきゃく	3
観察	かんさつ	3
観念	かんねん	4
観測	かんそく	4
観点	かんてん	5
観衆	かんしゅう	5
観覧	かんらん	5
角	かく	3
角	かど	1
角	すみ	3
角	つの	5
角度	かくど	4
解く	とく	3
解く	ほどく	4
解ける	とける	3
解ける	ほどける	5
解剖	かいぼう	5
解放	かいほう	4
解散	かいさん	4
解決	かいけつ	3
解答	かいとう	4
解説	かいせつ	4
解釈	かいしゃく	3
解除	かいじょ	5
触る	さわる	2
触れる	ふれる	3
言い付ける	いいつける	4
言い出す	いいだす	4
言い訳	いいわけ	5
言う	いう	1
言わば	いわば	3
言付け	ことづけ	5
言付ける	ことづける	4
言葉	ことば	1
言葉遣い	ことばづかい	4
言語	げんご	3
言論	げんろん	5
訂正	ていせい	5
計	けい	3
計る	はかる	3
計器	けいき	3
計画	けいかく	2
計算	けいさん	3
討つ	うつ	3
討論	とうろん	5
討議	とうぎ	5
訓	くん	3
訓練	くんれん	3
記す	しるす	5
記事	きじ	3
記入	きにゅう	3
記号	きごう	4
記名	きめい	5
記念	きねん	3
記憶	きおく	3
記者	きしゃ	3
記載	きさい	5
記述	きじゅつ	5
記録	きろく	3
訪ねる	たずねる	2
訪れる	おとずれる	5
訪問	ほうもん	3
設ける	もうける	5
設備	せつび	3
設定	せってい	5
設立	せつりつ	5
設置	せっち	5
設計	せっけい	3
許す	ゆるす	3
許可	きょか	3
許容	きょよう	5
訳	やく	3
訳	わけ	2
訳す	やくす	3
訴え	うったえ	5
訴える	うったえる	3
訴訟	そしょう	5
診る	みる	3
診察	しんさつ	3
診断	しんだん	4
診療	しんりょう	5
証	しょう	5
証拠	しょうこ	5
証明	しょうめい	3
証言	しょうげん	5
詐欺	さぎ	5
評価	ひょうか	3
評判	ひょうばん	3
評論	ひょうろん	4
試し	ためし	3
試す	ためす	3
試み	こころみ	5
試みる	こころみる	5
試合	しあい	2
試験	しけん	2
詩	し	3
詩人	しじん	3
詫び	わび	5
詫びる	わびる	4
詰まる	つまる	4
詰める	つめる	3
詰る	なじる	5
話	はなし	1
話し合い	はなしあい	4
話し合う	はなしあう	3
話し掛ける	はなしかける	4
話す	はなす	1
話中	はなしちゅう	4
話合い	はなしあい	4
話題	わだい	3
該当	がいとう	5
詳しい	くわしい	3
詳細	しょうさい	5
誇り	ほこり	3
誇る	ほこる	5
誇張	こちょう	5
認める	みとめる	3
認識	にんしき	5
誓う	ちかう	4
誕生	たんじょう	3
誕生日	たんじょうび	1
誘う	さそう	3
誘導	ゆうどう	5
誘惑	ゆうわく	5
語	ご	1
語る	かたる	3
語句	ごく	3
語学	ごがく	3
語彙	ごい	5
語源	ごげん	5
誠	まこと	5
誠に	まことに	5
誠実	せいじつ	5
誤り	あやまり	3
誤る	あやまる	5
誤差	ごさ	5
誤解	ごかい	3
説	せつ	3
説く	とく	3
説得	せっとく	5
説明	せつめい	2
読み	よみ	3
読み上げる	よみあげる	5
読む	よむ	1
読書	どくしょ	3
誰	だれ	1
誰か	だれか	1
課	か	3
課外	かがい	5
課程	かてい	3
課税	かぜい	4
課長	かちょう	2
課題	かだい	3
調べ	しらべ	5
調べる	しらべる	2
調停	ちょうてい	5
調印	ちょういん	5
調味料	ちょうみりょう	4
調和	ちょうわ	5
調子	ちょうし	3
調整	ちょうせい	4
調査	ちょうさ	3
調理	ちょうり	5
調節	ちょうせつ	4
請求	せいきゅう	3
論	ろん	4
論じる	ろんじる	3
論ずる	ろんずる	4
論争	ろんそう	3
論文	ろんぶん	3
論理	ろんり	5
論議	ろんぎ	5
諦め	あきらめ	5
諦める	あきらめる	3
諮る	はかる	3
諸	しょ	4
諸君	しょくん	5
諺	ことわざ	3
謎	なぞ	3
謎謎	なぞなぞ	4
謙虚	けんきょ	4
謙遜	けんそん	4
講堂	こうどう	2
講師	こうし	4
講演	こうえん	3
講義	こうぎ	2
講習	こうしゅう	5
講読	こうどく	5
謝る	あやまる	2
謝絶	しゃぜつ	5
謹む	つつしむ	5
警備	けいび	4
警告	けいこく	3
警官	けいかん	1
警察	けいさつ	2
警戒	けいかい	5
警部	けいぶ	5
議事堂	ぎじどう	5
議会	ぎかい	3
議員	ぎいん	3
議案	ぎあん	5
議決	ぎけつ	5
議論	ぎろん	3
議長	ぎちょう	3
議題	ぎだい	5
譲る	ゆずる	3
譲歩	じょうほ	5
護衛	ごえい	5
谷	たに	3
豆	まめ	3
豊か	ゆたか	3
豊作	ほうさく	5
豊富	ほうふ	3
豚肉	ぶたにく	1
象	ぞう	3
象徴	しょうちょう	5
豪華	ごうか	3
貝	かい	3
貝殻	かいがら	5
負う	おう	3
負かす	まかす	5
負け	まけ	3
負ける	まける	2
負債	ふさい	5
負傷	ふしょう	5
負担	ふたん	5
財	ざい	5
財布	さいふ	1
財政	ざいせい	5
財源	ざいげん	5
財産	ざいさん	3
貢献	こうけん	3
貧しい	まずしい	3
貧乏	びんぼう	5
貧困	ひんこん	5
貧弱	ひんじゃく	5
貨幣	かへい	5
貨物	かもつ	4
販売	はんばい	3
貫く	つらぬく	5
貫禄	かんろく	5
責める	せめる	3
責任	せきにん	3
責務	せきむ	5
貯蓄	ちょちく	5
貯蔵	ちょぞう	4
貯金	ちょきん	3
貴い	とうとい	5
貴族	きぞく	5
貴重	きちょう	3
買い物	かいもの	1
買う	かう	1
貸し	かし	3
貸し出し	かしだし	4
貸す	かす	1
貸家	かしや	4
貸間	かしま	4
費	ひ	4
費やす	ついやす	5
費用	ひよう	3
貼る	はる	1
貿易	ぼうえき	2
賃金	ちんぎん	5
賄う	まかなう	5
資料	しりょう	4
資本	しほん	3
資格	しかく	3
資源	しげん	3
資産	しさん	5
資金	しきん	5
賑わう	にぎわう	5
賛成	さんせい	3
賛美	さんび	5
賜る	たまわる	5
賞	しょう	3
賞品	しょうひん	3
賞金	しょうきん	4
賠償	ばいしょう	5
賢い	かしこい	3
賢明	けんめい	5
質	しつ	3
質問	しつもん	1
質疑	しつぎ	5
質素	しっそ	5
賭	かけ	5
賭ける	かける	3
購入	こうにゅう	5
購読	こうどく	5
購買	こうばい	5
贅沢	ぜいたく	3
贈り物	おくりもの	2
贈る	おくる	3
赤	あか	1
赤い	あかい	1
赤ちゃん	あかちゃん	2
赤らむ	あからむ	5
赤ん坊	あかんぼう	2
赤字	あかじ	5
赤道	せきどう	4
走る	はしる	1
走行	そうこう	5
赴く	おもむく	5
赴任	ふにん	5
起きる	おきる	1
起こす	おこす	2
起こる	おこる	3
起伏	きふく	5
起床	きしょう	4
起源	きげん	3
起点	きてん	5
超	ちょう	5
超える	こえる	3
超す	こす	3
超過	ちょうか	4
越える	こえる	3
越す	こす	3
趣	おもむき	5
趣味	しゅみ	2
趣旨	しゅし	5
足	あし	1
足	そく	4
足し算	たしざん	5
足す	たす	2
足りる	たりる	2
足る	たる	4
足元	あしもと	4
足袋	たび	3
足跡	あしあと	4
跡	あと	3
跡継ぎ	あとつぎ	5
跨ぐ	またぐ	4
跳ねる	はねる	4
踊り	おどり	2
踊る	おどる	2
踏まえる	ふまえる	5
踏み込む	ふみこむ	5
踏む	ふむ	2
踏切	ふみきり	4
蹴る	ける	3
蹴飛ばす	けとばす	5
躓く	つまずく	4
身	み	3
身なり	みなり	5
身の上	みのうえ	5
身の回り	みのまわり	5
身体	しんたい	3
身分	みぶん	4
身振り	みぶり	5
身近	みぢか	5
身長	しんちょう	3
躾	しつけ	5
躾ける	しつける	5
車	くるま	1
車	しゃ	4
車庫	しゃこ	4
車掌	しゃしょう	4
車輪	しゃりん	4
軌道	きどう	5
軍	ぐん	3
軍事	ぐんじ	5
軍備	ぐんび	5
軍服	ぐんぷく	5
軍艦	ぐんかん	5
軍隊	ぐんたい	3
軒	けん	2
軒	のき	3
軒並	のきなみ	5
軟らかい	やわらかい	4
転々	てんてん	4
転がす	ころがす	4
転がる	ころがる	4
転じる	てんじる	5
転ずる	てんずる	5
転ぶ	ころぶ	3
転任	てんにん	5
転勤	てんきん	5
転回	てんかい	5
転居	てんきょ	5
転換	てんかん	5
転校	てんこう	3
転落	てんらく	5
軸	じく	5
軽い	かるい	1
軽快	けいかい	5
軽減	けいげん	5
軽率	けいそつ	5
軽蔑	けいべつ	5
載せる	のせる	3
載る	のる	3
輝く	かがやく	3
輪	わ	3
輸入	ゆにゅう	2
輸出	ゆしゅつ	2
輸血	ゆけつ	4
輸送	ゆそう	4
辛い	からい	1
辛い	つらい	3
辛い	づらい	4
辛抱	しんぼう	5
辞める	やめる	3
辞典	じてん	2
辞書	じしょ	1
辞職	じしょく	5
辞退	じたい	3
辟易	へきえき	5
農地	のうち	5
農場	のうじょう	5
農家	のうか	3
農村	のうそん	4
農業	のうぎょう	3
農民	のうみん	3
農産物	のうさんぶつ	4
農耕	のうこう	5
農薬	のうやく	4
辺	へん	1
辺り	あたり	3
込む	こむ	2
込める	こめる	5
辿り着く	たどりつく	5
辿る	たどる	5
迅速	じんそく	5
迎え	むかえ	3
迎える	むかえる	2
近々	ちかぢか	4
近い	ちかい	1
近く	ちかく	1
近付ける	ちかづける	4
近代	きんだい	3
近寄る	ちかよる	4
近所	きんじょ	2
近眼	きんがん	5
近視	きんし	3
近郊	きんこう	5
近頃	ちかごろ	3
返す	かえす	1
返事	へんじ	2
返済	へんさい	5
返答	へんとう	5
返還	へんかん	5
迫る	せまる	4
迫害	はくがい	5
述べる	のべる	3
述語	じゅつご	4
迷う	まよう	3
迷信	めいしん	4
迷子	まいご	3
迷惑	めいわく	3
追いかける	おいかける	4
追い付く	おいつく	3
追い出す	おいだす	5
追い越す	おいこす	4
追い込む	おいこむ	5
追う	おう	3
追加	ついか	4
追及	ついきゅう	5
追放	ついほう	5
追跡	ついせき	5
退く	どく	3
退ける	どける	4
退化	たいか	5
退学	たいがく	3
退屈	たいくつ	3
退治	たいじ	5
退職	たいしょく	5
退院	たいいん	2
送り仮名	おくりがな	4
送る	おくる	2
送別	そうべつ	4
送料	そうりょう	4
送金	そうきん	5
逃がす	にがす	4
逃げる	にげる	2
逃げ出す	にげだす	5
逃す	のがす	5
逃れる	のがれる	5
逃亡	とうぼう	5
逃走	とうそう	5
逆	ぎゃく	3
逆さ	さかさ	4
逆らう	さからう	3
逆様	さかさま	4
逆立ち	さかだち	5
逆転	ぎゃくてん	5
透き通る	すきとおる	4
透明	とうめい	4
途上	とじょう	5
途中	とちゅう	2
途端	とたん	3
途絶える	とだえる	5
這う	はう	4
通	つう	4
通う	かよう	2
通じる	つうじる	3
通す	とおす	3
通ずる	つうずる	4
通り	とおり	2
通り掛かる	とおりかかる	4
通り過ぎる	とおりすぎる	3
通る	とおる	2
通信	つうしん	3
通勤	つうきん	3
通学	つうがく	3
通帳	つうちょう	4
通常	つうじょう	5
通用	つうよう	4
通知	つうち	4
通行	つうこう	3
通訳	つうやく	3
通貨	つうか	3
通路	つうろ	4
通過	つうか	3
速い	はやい	1
速力	そくりょく	4
速度	そくど	3
速達	そくたつ	4
造り	つくり	5
造船	ぞうせん	4
連なる	つらなる	5
連ねる	つらねる	5
連れ	つれ	3
連れる	つれる	2
連中	れんちゅう	5
連休	れんきゅう	5
連合	れんごう	4
連帯	れんたい	5
連想	れんそう	3
連日	れんじつ	5
連盟	れんめい	5
連絡	れんらく	2
連続	れんぞく	3
連邦	れんぽう	5
逮捕	たいほ	3
週	しゅう	3
週間	しゅうかん	1
進み	すすみ	5
進む	すすむ	2
進める	すすめる	3
進出	しんしゅつ	5
進化	しんか	5
進呈	しんてい	5
進学	しんがく	3
進展	しんてん	5
進度	しんど	5
進歩	しんぽ	3
進行	しんこう	3
逸れる	それる	4
遂げる	とげる	5
遂に	ついに	3
遅い	おそい	1
遅くとも	おそくとも	5
遅らす	おくらす	5
遅れ	おくれ	3
遅れる	おくれる	2
遅刻	ちこく	3
遊び	あそび	2
遊ぶ	あそぶ	1
遊園地	ゆうえんち	4
遊牧	ゆうぼく	5
運	うん	3
運ぶ	はこぶ	2
運動	うんどう	2
運命	うんめい	5
運営	うんえい	5
運搬	うんぱん	5
運河	うんが	4
運用	うんよう	5
運賃	うんちん	5
運転	うんてん	2
運転手	うんてんしゅ	2
運輸	うんゆ	5
運送	うんそう	5
遍	へん	4
過ぎる	すぎる	2
過ごす	すごす	3
過ち	あやまち	5
過剰	かじょう	4
過労	かろう	5
過半数	かはんすう	4
過去	かこ	3
過失	かしつ	4
過密	かみつ	5
過疎	かそ	5
過程	かてい	3
道	どう	4
道	みち	1
道具	どうぐ	2
道場	どうじょう	5
道徳	どうとく	3
道路	どうろ	3
道順	みちじゅん	4
達する	たっする	3
達成	たっせい	5
達者	たっしゃ	5
違い	ちがい	3
違いない	ちがいない	3
違う	ちがう	1
違える	ちがえる	5
違反	いはん	3
遠い	とおい	1
遠く	とおく	2
遠ざかる	とおざかる	5
遠回り	とおまわり	5
遠慮	えんりょ	2
遠方	えんぽう	5
遠足	えんそく	4
遡る	さかのぼる	4
遣い	づかい	4
遥か	はるか	5
適する	てきする	3
適切	てきせつ	3
適宜	てきぎ	5
適度	てきど	3
適当	てきとう	2
適応	てきおう	5
適性	てきせい	5
適用	てきよう	3
適確	てきかく	4
遭う	あう	3
遭難	そうなん	5
遮る	さえぎる	5
選ぶ	えらぶ	2
選手	せんしゅ	3
選択	せんたく	3
選挙	せんきょ	3
選考	せんこう	3
遺跡	いせき	5
避ける	さける	3
避ける	よける	5
避難	ひなん	5
還元	かんげん	5
還暦	かんれき	5
邪魔	じゃま	2
邸宅	ていたく	5
郊外	こうがい	2
郡	ぐん	3
部	ぶ	4
部下	ぶか	5
部分	ぶぶん	3
部品	ぶひん	4
部屋	へや	1
部長	ぶちょう	2
部門	ぶもん	5
部首	ぶしゅ	4
郵便	ゆうびん	3
郵便局	ゆうびんきょく	1
郵送	ゆうそう	4
郷土	きょうど	5
郷愁	きょうしゅう	5
郷里	きょうり	5
都	と	2
都	みやこ	3
都会	とかい	3
都合	つごう	2
都市	とし	3
都心	としん	4
酌む	くむ	3
配る	くばる	4
配偶者	はいぐうしゃ	5
配分	はいぶん	5
配列	はいれつ	5
配布	はいふ	5
配慮	はいりょ	5
配給	はいきゅう	5
配置	はいち	5
配達	はいたつ	3
酒	さけ	3
酒	しゅ	4
酒場	さかば	4
酔う	よう	3
酔っ払い	よっぱらい	4
酢	す	3
酪農	らくのう	5
酸	さん	5
酸化	さんか	3
酸性	さんせい	3
酸素	さんそ	3
醜い	みにくい	4
醤油	しょうゆ	1
重	じゅう	4
重い	おもい	1
重たい	おもたい	4
重なる	かさなる	3
重ねる	かさねる	3
重んじる	おもんじる	5
重んずる	おもんずる	5
重体	じゅうたい	3
重力	じゅうりょく	4
重大	じゅうだい	3
重宝	ちょうほう	5
重役	じゅうやく	4
重点	じゅうてん	4
重複	じゅうふく	5
重複	ちょうふく	5
重要	じゅうよう	3
重視	じゅうし	3
重量	じゅうりょう	4
野	の	3
野党	やとう	3
野外	やがい	5
野心	やしん	5
野生	やせい	5
野菜	やさい	1
量	りょう	3
量る	はかる	3
金	かね	3
金	きん	3
金属	きんぞく	3
金庫	きんこ	3
金曜日	きんようび	1
金槌	かなづち	5
金融	きんゆう	3
金銭	きんせん	3
金額	きんがく	3
金魚	きんぎょ	4
釘	くぎ	4
釜	かま	4
針	はり	3
針路	しんろ	4
針金	はりがね	4
釣	つり	3
釣り合う	つりあう	4
釣り鐘	つりがね	5
釣る	つる	2
鈍い	にぶい	4
鈍い	のろい	4
鈍る	にぶる	5
鈍感	どんかん	5
鈴	すず	4
鉄	てつ	3
鉄棒	てつぼう	5
鉄橋	てっきょう	4
鉄砲	てっぽう	4
鉄道	てつどう	3
鉄鋼	てっこう	5
鉛	なまり	5
鉛筆	えんぴつ	1
鉢	はち	4
鉱山	こうざん	5
鉱業	こうぎょう	5
鉱物	こうぶつ	4
銀	ぎん	3
銀行	ぎんこう	1
銃	じゅう	3
銅	どう	4
銅貨	どうか	3
銘々	めいめい	4
鋭い	するどい	3
錆	さび	4
錆びる	さびる	4
錯誤	さくご	5
録音	ろくおん	4
鍋	なべ	3
鍛える	きたえる	5
鍵	かぎ	1
鎖	くさり	3
鏡	かがみ	2
鐘	かね	3
鑑賞	かんしょう	4
長	ちょう	4
長	なが	4
長々	ながなが	5
長い	ながい	1
長女	ちょうじょ	4
長官	ちょうかん	5
長引く	ながびく	4
長所	ちょうしょ	4
長方形	ちょうほうけい	4
長期	ちょうき	3
長男	ちょうなん	4
長短	ちょうたん	4
長編	ちょうへん	5
門	もん	1
閉じる	とじる	3
閉まる	しまる	1
閉める	しめる	1
閉会	へいかい	4
閉口	へいこう	5
閉鎖	へいさ	5
開く	あく	1
開く	ひらく	2
開ける	あける	1
開会	かいかい	4
開催	かいさい	5
開始	かいし	3
開拓	かいたく	5
開放	かいほう	4
開発	かいはつ	5
開通	かいつう	4
間	あいだ	2
間	かん	4
間	ま	3
間に合う	まにあう	2
間もなく	まもなく	4
間も無く	まもなく	4
間接	かんせつ	4
間柄	あいだがら	5
間違い	まちがい	3
間違える	まちがえる	2
間隔	かんかく	3
関する	かんする	3
関与	かんよ	5
関係	かんけい	2
関心	かんしん	3
関東	かんとう	4
関税	かんぜい	5
関西	かんさい	4
関連	かんれん	3
閲覧	えつらん	5
闇	やみ	5
防	ぼう	4
防ぐ	ふせぐ	3
防止	ぼうし	4
防火	ぼうか	5
防犯	ぼうはん	4
防衛	ぼうえい	5
阻む	はばむ	5
阻止	そし	5
附属	ふぞく	4
降りる	おりる	1
降る	ふる	1
降ろす	おろす	3
降伏	こうふく	3
降水	こうすい	5
限り	かぎり	4
限る	かぎる	3
限定	げんてい	5
限度	げんど	4
限界	げんかい	3
陣	じん	5
除く	のぞく	3
除外	じょがい	5
陰	かげ	3
陰気	いんき	5
陳列	ちんれつ	5
陶器	とうき	5
陸	りく	3
険しい	けわしい	4
陽射	ひざし	4
陽気	ようき	3
隅	すみ	2
隊	たい	3
階	かい	1
階層	かいそう	5
階段	かいだん	1
階級	かいきゅう	5
随分	ずいぶん	2
随筆	ずいひつ	4
隔たる	へだたる	5
隔てる	へだてる	4
隔週	かくしゅう	5
隙	すき	4
隙間	すきま	4
際	さい	3
障る	さわる	5
障子	しょうじ	4
障害	しょうがい	3
隠す	かくす	3
隠れる	かくれる	3
隠居	いんきょ	5
隣	となり	1
雄	おす	5
集	しゅう	4
集まり	あつまり	3
集まる	あつまる	2
集める	あつめる	2
集中	しゅうちゅう	3
集会	しゅうかい	4
集合	しゅうごう	4
集団	しゅうだん	3
集計	しゅうけい	5
集金	しゅうきん	4
雇う	やとう	3
雌	めす	5
雑	ざつ	5
雑巾	ぞうきん	4
雑木	ぞうき	5
雑誌	ざっし	1
雑談	ざつだん	5
雑貨	ざっか	5
雑音	ざつおん	4
雛	ひな	5
雛祭	ひなまつり	5
離す	はなす	3
離れる	はなれる	3
離婚	りこん	3
難	なん	3
難い	がたい	4
難しい	むずかしい	1
雨	あめ	1
雨具	あまぐ	5
雨天	うてん	5
雨戸	あまど	4
雪	ゆき	1
雪崩	なだれ	5
雫	しずく	5
雰囲気	ふんいき	3
雲	くも	2
零	れい	1
零点	れいてん	4
雷	かみなり	3
電力	でんりょく	4
電報	でんぽう	2
電子	でんし	3
電柱	でんちゅう	4
電気	でんき	1
電池	でんち	4
電波	でんぱ	4
電流	でんりゅう	4
電源	でんげん	5
電灯	でんとう	2
電球	でんきゅう	4
電話	でんわ	1
電車	でんしゃ	1
需要	じゅよう	3
震える	ふるえる	3
震わせる	ふるわせる	5
霜	しも	3
霞む	かすむ	5
霧	きり	3
霰	あられ	5
露	つゆ	3
露骨	ろこつ	5
青	あお	1
青い	あおい	1
青少年	せいしょうねん	4
青年	せいねん	3
青春	せいしゅん	5
青白い	あおじろい	4
静か	しずか	1
静まる	しずまる	4
静止	せいし	5
静的	せいてき	5
非	ひ	4
非常	ひじょう	3
非常に	ひじょうに	2
非行	ひこう	3
非難	ひなん	5
面	めん	3
面する	めんする	5
面会	めんかい	5
面倒	めんどう	3
面倒臭い	めんどうくさい	4
面接	めんせつ	3
面白い	おもしろい	1
面目	めんぼく	5
面目	めんもく	5
面積	めんせき	4
革	かわ	3
革命	かくめい	5
革新	かくしん	5
靴	くつ	1
靴下	くつした	1
鞠	まり	5
音	おと	2
音	おん	3
音	ね	3
音楽	おんがく	1
音色	ねいろ	5
響き	ひびき	4
響く	ひびく	4
頂上	ちょうじょう	3
頂点	ちょうてん	4
項目	こうもく	4
順	じゅん	3
順々	じゅんじゅん	4
順序	じゅんじょ	4
順番	じゅんばん	3
順調	じゅんちょう	3
預かる	あずかる	3
預ける	あずける	3
預金	よきん	5
頑丈	がんじょう	5
頑固	がんこ	5
頑張る	がんばる	2
領	りょう	4
領事	りょうじ	4
領収	りょうしゅう	4
領土	りょうど	5
領地	りょうち	5
領域	りょういき	5
領海	りょうかい	5
頬	ほお	3
頬	ほほ	3
頭	あたま	1
頭	かしら	5
頭	とう	4
頭痛	ずつう	3
頭脳	ずのう	4
頻繁	ひんぱん	5
頼む	たのむ	1
頼もしい	たのもしい	4
頼る	たよる	3
題	だい	3
題する	だいする	5
題名	だいめい	3
額	がく	3
額	ひたい	3
顎	あご	5
顔	かお	1
顔付き	かおつき	5
顕微鏡	けんびきょう	4
願い	ねがい	3
願う	ねがう	3
願書	がんしょ	5
類	るい	5
類似	るいじ	5
類推	るいすい	5
顧みる	かえりみる	5
風	かぜ	1
風	ふう	4
風俗	ふうぞく	5
風呂敷	ふろしき	4
風土	ふうど	5
風景	ふうけい	3
風習	ふうしゅう	5
風船	ふうせん	4
風車	ふうしゃ	5
風邪	かぜ	1
飛ばす	とばす	3
飛び出す	とびだす	3
飛び込む	とびこむ	4
飛ぶ	とぶ	1
飛行	ひこう	3
飛行場	ひこうじょう	2
飛行機	ひこうき	1
食い違う	くいちがう	5
食う	くう	3
食べる	たべる	1
食べ物	たべもの	1
食事	しょくじ	2
食卓	しょくたく	3
食品	しょくひん	3
食器	しょっき	4
食堂	しょくどう	1
食塩	しょくえん	4
食料	しょくりょう	3
食料品	しょくりょうひん	2
食欲	しょくよく	3
食物	しょくもつ	3
食糧	しょくりょう	3
飢える	うえる	4
飢饉	ききん	4
飯	めし	3
飲み物	のみもの	1
飲み込む	のみこむ	5
飲む	のむ	1
飴	あめ	1
飼う	かう	3
飼育	しいく	5
飽きる	あきる	3
飽くまで	あくまで	4
飽和	ほうわ	5
飾り	かざり	3
飾る	かざる	2
餅	もち	4
養う	やしなう	5
養分	ようぶん	4
養護	ようご	5
餌	えさ	3
館	かん	4
首	くび	2
首相	しゅしょう	3
首脳	しゅのう	5
首輪	くびわ	5
首都	しゅと	3
首飾り	くびかざり	5
香り	かおり	3
香水	こうすい	4
香辛料	こうしんりょう	5
馬	うま	3
馬鹿	ばか	3
馴々しい	なれなれしい	5
馴らす	ならす	3
馴れる	なれる	3
駄作	ださく	5
駅	えき	1
駆けっこ	かけっこ	5
駆ける	かける	3
駆け足	かけあし	5
駐車	ちゅうしゃ	3
駐車場	ちゅうしゃじょう	2
騒々しい	そうぞうしい	4
騒がしい	さわがしい	4
騒ぎ	さわぎ	3
騒ぐ	さわぐ	2
騒動	そうどう	5
騒音	そうおん	3
騙す	だます	3
驚かす	おどろかす	4
驚き	おどろき	3
驚く	おどろく	2
驚異	きょうい	5
骨	ほね	3
骨折	こっせつ	3
骨董品	こっとうひん	5
高	こう	4
高い	たかい	1
高まる	たかまる	3
高める	たかめる	3
高価	こうか	3
高原	こうげん	5
高尚	こうしょう	5
高層	こうそう	4
高度	こうど	4
高校	こうこう	2
高校生	こうこうせい	2
高等	こうとう	4
高等学校	こうとうがっこう	2
高級	こうきゅう	4
高速	こうそく	3
髪	かみ	2
髪の毛	かみのけ	3
鬼	おに	3
魂	たましい	5
魅力	みりょく	3
魚	うお	3
魚	さかな	1
鮮やか	あざやか	5
鳥	とり	1
鳥居	とりい	5
鳴く	なく	1
鳴らす	ならす	3
鳴る	なる	2
鶏肉	とりにく	1
麓	ふもと	4
麻	あさ	5
麻痺	まひ	5
麻酔	ますい	5
黄色	きいろ	1
黄色い	きいろい	1
黄金	おうごん	5
黒	くろ	1
黒い	くろい	1
黒字	くろじ	5
黒板	こくばん	3
黙る	だまる	3
鼠	ねずみ	3
鼻	はな	1
